player_name,psi_log_econ,psi_log_avg,psi_combined,econ_multiplier,avg_multiplier,rank
IG Holland,-0.23438357012528116,-0.26832852242442906,0.25701353832471313,0.7910583313522411,0.7646565330167263,1
BJ Currie,-0.12410859565693447,-0.3100826271861151,0.24809128334305489,0.8832839148772756,0.7333863560697763,2
GJ Gilmour,-0.10965201347135249,-0.30657736949681413,0.24093558415499358,0.8961459277541551,0.7359615749998236,3
J Garner,-0.222976498022371,-0.22538245787343306,0.22458047125641237,0.8001336537968136,0.7982108783380946,4
JA Snow,-0.26456223120630784,-0.2038322843992786,0.22407560000162166,0.7675418823240746,0.8155991484182592,5
AH Gray,-0.11020977345846693,-0.267218736677431,0.214882415604443,0.8956462327809237,0.7655056089974828,6
AG Hurst,-0.25695679536389315,-0.18566276489608521,0.20942744171868788,0.773401627579512,0.8305536396017983,7
AC Botha,-0.11622476534371395,-0.24886283162038278,0.20465014286149316,0.8902750978193178,0.7796869144407296,8
M Hendrick,-0.25881385943265456,-0.17421793054178475,0.202416573505408,0.7719667039911148,0.8401137912532285,9
GG Arnold,-0.25283823723309923,-0.17297752614953607,0.19959776317739045,0.7765934955762513,0.8411565186580188,10
Shakeel Ahmed,-0.17930183146684714,-0.19095901626419004,0.18707328799840908,0.8358535744087072,0.8261664468447538,11
RL Johnson,-0.0878226628443521,-0.23518557515621114,0.18606460438559147,0.9159232895529463,0.790424152931872,12
CEL Ambrose,-0.21179694295094556,-0.17255416032854562,0.1856350878693456,0.8091289802295888,0.8415127109726275,13
AY Patel,-0.1433138140069104,-0.20648377281516395,0.18542711987907942,0.866482112002296,0.8134394611823531,14
ST Clarke,-0.21701955602404033,-0.16405360091351334,0.181708919283689,0.8049142282290879,0.8486965297517175,15
Sir RJ Hadlee,-0.1787872584868553,-0.18178877793350395,0.18078827145128773,0.8362837927532024,0.8337774340102636,16
DL Underwood,-0.25945789884366555,-0.13970352747754616,0.17962165126625262,0.7714696870761765,0.8696160144380833,17
S Lamichhane,-0.05398623841178186,-0.229323618860019,0.17087782537727328,0.947445144762026,0.7950711918342954,18
GD McGrath,-0.13699665980392656,-0.18244021668596072,0.16729236439194936,0.8719731386884991,0.8332344559565004,19
MA Holding,-0.1558743177739002,-0.17227289624597864,0.16680670342195247,0.8556667257121234,0.8417494315621867,20
CEH Croft,-0.12998556461169658,-0.17733408023492916,0.16155124169385163,0.8781081066605635,0.8374999456026904,21
DK Lillee,-0.13047699992119352,-0.1757642668176265,0.16066851118548217,0.8776766793493849,0.8388156967259693,22
XC Bartlett,0.004773377319823402,-0.24050586229172502,0.1587461157545422,1.004784788033999,0.7862300363247708,23
Rashid Khan,-0.10962843527795268,-0.17995258887690938,0.15651120434392382,0.8961670575052539,0.8353098134488603,24
AME Roberts,-0.1486050451627183,-0.1600681375621965,0.15624710676237044,0.8619094629951793,0.852085727943881,25
G Dymock,-0.2792823263007239,-0.09097288139442003,0.153742696363188,0.7563263422511797,0.9130424710021834,26
AIC Dodemaide,-0.17765075984236484,-0.14029983845674973,0.1527501455852881,0.8372347684390057,0.869097607442236,27
BM Scholtz,-0.1734820590712929,-0.14177758079539943,0.15234574022069725,0.8407322345436576,0.8678142535780105,28
JJ Bumrah,-0.04917752402457665,-0.1980030050866996,0.14839451139932527,0.9520121096752361,0.8203673878590008,29
MHN Walker,-0.26190234196228296,-0.0911997281755872,0.14810059943781914,0.7695861763137211,0.9128353737471286,30
MD Marshall,-0.14991565632177725,-0.14472188019808166,0.1464531389059802,0.8607805747632276,0.8652629063976651,31
Wasim Akram,-0.1271239587276306,-0.15217941903955687,0.14382759893558145,0.8806245047380146,0.8588341757139037,32
CM Old,-0.1646928653544817,-0.12986420484259248,0.14147375834655554,0.8481541616158759,0.878214680124371,33
AA Donald,-0.06285905156807069,-0.18044154751979827,0.14124738220255575,0.9390758256265999,0.8349014813329786,34
Kaleem Sana,-0.0724841944403027,-0.17449641264405677,0.14049233990947207,0.9300804469861329,0.8398798671718393,35
M Muralidaran,-0.14189877438793075,-0.13844599404582236,0.13959692082652517,0.8677090864238908,0.8707102735384983,36
RGD Willis,-0.16109796585380948,-0.1253781964266273,0.13728478623568802,0.8512086776374869,0.8821632085144582,37
Ehsan Khan,-0.07015231319843693,-0.1665565305356003,0.1344217914232125,0.9322518148359332,0.8465749582468982,38
Asif Iqbal,-0.17989500073880751,-0.11166645019110766,0.13440930037367427,0.8353579187708897,0.894342515530777,39
SM Pollock,-0.11743912751834781,-0.14036138233525805,0.1327206307296213,0.8891946375833059,0.8690441214505562,40
Saeed Ajmal,-0.10896531255115817,-0.14452199978475652,0.1326697707068904,0.8967615233282051,0.865435872790752,41
RJ Harris,-0.005583412331345797,-0.19594192900463048,0.13248909011353557,0.9944321459457253,0.8220599711328985,42
DR Hadlee,-0.12825917702704423,-0.13292775901746745,0.13137156502065972,0.8796253709101268,0.8755283388516739,43
TM Odoyo,-0.17262886640899966,-0.11023277916975488,0.13103147491616982,0.8414498472045205,0.8956256280392905,44
PS de Villiers,-0.16912214438039908,-0.1106401058105098,0.13013411866713956,0.8444057576687518,0.8952608901496198,45
TM Alderman,-0.1369878518809644,-0.12140888591764826,0.12660187457208696,0.8719808189945535,0.885671746841133,46
Simranjeet Singh,-0.0766025893028731,-0.15159252760095684,0.1265958815015956,0.9262578852636948,0.859338366076839,47
LS Pascoe,-0.056510088704006735,-0.16153586174207404,0.12652727072938494,0.9450569500472132,0.8508360184564107,48
DR Doshi,-0.1836893029331497,-0.0947850509366174,0.12441980160212818,0.8321943239993785,0.9095684243381904,49
JA Duffy,0.03891372734186615,-0.20582449835341327,0.12424508978832012,1.039680783756064,0.8139759178619547,50
CR Matthews,-0.18248881307527423,-0.09346411508953498,0.12313901441811474,0.8331939647543604,0.9107706997648095,51
CG Rackemann,-0.14029420169064827,-0.11349929251336394,0.12243092890579205,0.8691025063559754,0.8927048279876973,52
K Gore,-0.14586922888970338,-0.10905969789968924,0.12132954156302729,0.8642707174362981,0.8966768861735931,53
VD Philander,-0.05086708012526888,-0.15592677517273662,0.1209068768235807,0.9504049898492617,0.8556218408387039,54
MG Erasmus,-0.08087162017203912,-0.1376997776718351,0.11875705850523645,0.9223120901119,0.8713602542845882,55
EJ Chatfield,-0.22221694234817377,-0.06565585260639996,0.11784288252032456,0.8007416307206024,0.9364530867314595,56
HJ Howarth,-0.26911559467679497,-0.04209303045705968,0.11776721853030477,0.7640549298606311,0.9587805806277573,57
RO Collinge,-0.19029233663469616,-0.08016604093113028,0.11687480616565223,0.8267174188259275,0.9229630840132059,58
Sarfraz Nawaz,-0.17975034656602404,-0.08463941245151774,0.11634305715635318,0.8354787655198902,0.9188435482155545,59
Hamid Hassan,-0.045836407155329384,-0.14985293322340873,0.11518075786738229,0.9551982130024982,0.8608345672811635,60
PP Ojha,-0.08527254935443176,-0.12988836963780317,0.11501642954334605,0.9182619785832001,0.8781934585028839,61
TJ Murtagh,-0.09189348164303641,-0.12564393602860777,0.11439378456675064,0.9122023106616274,0.8819288139598829,62
Kuldeep Yadav,0.06456618844572426,-0.20129530459830036,0.11267480691695882,1.0666961788702898,0.8176709339112517,63
Basil Hameed,-0.0399374114737396,-0.14836975390232415,0.11222563975946263,0.9608495754292672,0.8621122866194505,64
NK Patel,-0.09059273600727001,-0.12243826333787856,0.11182308756100905,0.9133896258662865,0.8847605254190395,65
JJ Smit,-0.04294314023802405,-0.14545654737528305,0.11128541166286338,0.9579658582291726,0.8646274595902221,66
CV Varun,0.03716732222956906,-0.1838425336417716,0.11017258168465804,1.0378666644748271,0.8320668160427177,67
SR Clark,-0.05782315666165771,-0.13629152651766432,0.11013540323232879,0.9438168404002493,0.8725882128024454,68
CA Walsh,-0.15058182720497568,-0.0891815482806399,0.10964830792208517,0.8602073387652625,0.9146795000091598,69
SE Bond,0.006261213934949264,-0.16542807293006564,0.10819831064172734,1.0062808563085546,0.8475308214212873,70
A Vala,-0.10696332405521533,-0.10839618186516059,0.10791856259517885,0.8985586278725978,0.8972720430916046,71
BAW Mendis,-0.016396944420862033,-0.15158531650103055,0.10652252580764104,0.9837367537278618,0.8593445628740101,72
Milind Kumar,-0.017535567501517888,-0.14970866487845835,0.10565096575281153,0.9826172858017329,0.8609587674183199,73
SK Warne,-0.08667664231700334,-0.11445155441221627,0.10519325038047862,0.9169735581439845,0.8918551438182215,74
Saqlain Mushtaq,-0.08491783982678307,-0.11503646741387817,0.10499692488484647,0.9185877526300446,0.8913336386814389,75
Aamir Kaleem,-0.08048129818541983,-0.11554353566430318,0.10385612317134207,0.9226721590660388,0.8908817862624171,76
VA Holder,-0.15873076602993896,-0.07372294232560037,0.1020588835603799,0.853226045483623,0.9289290251072185,77
P Lever,-0.18740771657987687,-0.057997041493418805,0.10113393318890483,0.8291056273530174,0.9436527392355081,78
ARC Fraser,-0.16479206414563916,-0.06775950670806109,0.10010369252058711,0.8480700299212786,0.934485183973621,79
JK Lever,-0.15161980951264087,-0.07369502862448085,0.09966995558720086,0.85931492200323,0.928954955316289,80
IR Bishop,-0.06130068591236502,-0.11836720834435263,0.09934503420035677,0.9405403900083847,0.8883697759179331,81
AD Mullally,-0.1762590575407029,-0.0584275891733575,0.09770474529580597,0.8384007611624574,0.9432465391884812,82
Bilal Khan,0.014705622279430362,-0.15284425448191633,0.09699429556146744,1.0148142819252783,0.8582633820777239,83
T van der Gugten,-0.10950550162653037,-0.090076956092115,0.09655313793692012,0.8962772333659391,0.9138608554049382,84
GR Larsen,-0.2425447989702516,-0.022906880561634615,0.09611952003117362,0.784628596238215,0.9773534901440669,85
WW Daniel,-0.057543843102097786,-0.11321435622466343,0.09465751851714155,0.9440804980613798,0.8929592282304986,86
JN Gillespie,-0.06339450367858745,-0.10928509754454531,0.09398823292255935,0.9385731300905363,0.8964747982980222,87
Imran Khan,-0.05908064798819124,-0.11111876086005806,0.09377272323610246,0.9426307448183592,0.8948324715444306,88
AR Patel,-0.05770861159266247,-0.1112339268625336,0.09339215510590988,0.943924956157297,0.8947294231997444,89
RA Harper,-0.21191364246753688,-0.03328590997203268,0.09282848747053407,0.8090345607781954,0.9672619702082346,90
PR Reiffel,-0.12964971799698183,-0.07408668046776297,0.0926076929775026,0.8784030658232848,0.928591199633155,91
MJG Rippon,-0.06878320810679671,-0.10377728783146904,0.0921125945899116,0.9335290396703202,0.9014260336138951,92
Jalal-ud-Din,-0.09573313685806914,-0.08910076662306521,0.09131155670139986,0.908706483981801,0.9147533923198516,93
DW Steyn,0.023128981643480036,-0.14728937546882598,0.09048325643139064,1.0233985306592388,0.8630441974587091,94
RK Paudel,-0.06967092598048716,-0.1007173864368764,0.09036856628474665,0.9327006969779001,0.9041885327232723,95
G Miller,-0.22165229206467638,-0.024447051014775668,0.09018213136474257,0.8011938973836304,0.9758493577837147,96
DW Fleming,-0.050076497310434856,-0.11006767011731687,0.09007061251502287,0.9511566607912827,0.8957735161465719,97
N Kapil Dev,-0.13102735197682472,-0.06950184604165596,0.09001034802004555,0.877193781078942,0.9328584112874801,98
A Mishra,-0.01977529262965303,-0.12507478078831538,0.0899749514020946,0.9804189559216884,0.8824309112380074,99
GP Swann,-0.050788939074261776,-0.10821612861510949,0.0890737321014936,0.9504792583957242,0.8974336143844249,100
Aayan Afzal Khan,-0.13161779619695568,-0.06771941507959288,0.08901887545204716,0.8766759999564472,0.934522649757453,101
BD Julien,-0.1986598312598463,-0.033881322666260115,0.0888074921974555,0.8198287260100253,0.9666862215735614,102
SO Tikolo,-0.06623445633902345,-0.09779832866552426,0.08727703789002399,0.935911408203771,0.9068317672867885,103
K Klein,0.0758336248704713,-0.1676104962570438,0.08646245588120544,1.0787830765516346,0.8456831673013705,104
Waqar Younis,0.03401744784305892,-0.1446230159624641,0.08507619469395643,1.034602658155446,0.8653484541822528,105
CJ McDermott,-0.06274687116690818,-0.09468987698415887,0.08404220837840864,0.9391811774385345,0.9096549956797692,106
RM Hogg,-0.1099056185426091,-0.07028786854576206,0.08349378521137774,0.8959186894179059,0.9321254516821728,107
KV Morea,0.0032531334005561005,-0.12604434803908598,0.08294518755920528,1.003258430581605,0.8815757497606767,108
AA Mallett,-0.16261739565150315,-0.043047564959162565,0.08290417518994277,0.8499163078898188,0.9578658281344651,109
LN Rajbanshi,-0.11464948909610712,-0.06369303920050476,0.08067852249903888,0.8916786322217132,0.9382929744915669,110
PW Hasaranga,0.030973339464322094,-0.13604650832962192,0.08037322573164059,1.0314580042970236,0.8728020389798349,111
Mujeeb Ur Rahman,-0.07362048547875522,-0.08285273265337756,0.07977531692850344,0.9290242051219129,0.9204866948721633,112
KD Boyce,-0.05762921121682989,-0.08939412749308938,0.07880582206766955,0.9439999071291019,0.9144850788270872,113
GT Main,0.11542788266459389,-0.17580640454053892,0.07872830880549465,1.1223535704806926,0.8387803516872511,114
Aqib Ilyas,-0.062260390787787126,-0.08692470198506169,0.0787032649193035,0.9396381818066143,0.9167461221975419,115
GR Dilley,-0.0917199758250366,-0.07112631615832815,0.0779908693805643,0.9123605968011059,0.9313442408705334,116
DL Vettori,-0.15730880241711762,-0.03607528755521952,0.07648645917585221,0.854440164886041,0.9645676708075865,117
WJ Cronje,-0.19379645030009165,-0.017414149885806956,0.07620825002390186,0.8238255766520706,0.9827366000930131,118
Nadeem Ahmed,-0.08146025099903549,-0.07343720047064024,0.076111550646772,0.9217693485364309,0.9291944969363792,119
DS Lehmann,-0.060347346324639936,-0.08353710115048801,0.07580718287520533,0.9414374719399503,0.9198569582867023,120
CA Soper,-0.05151249130468746,-0.08792794098528409,0.07578945775841854,0.9497917857495145,0.9158268679274197,121
Abdul Qadir,-0.10790037795801392,-0.05916792581261352,0.075412076527747,0.8977170243789578,0.9425484776478199,122
WPUJC Vaas,-0.09673888267934128,-0.06470998727994828,0.07538628574641261,0.9077930156682427,0.9373392642722829,123
WKM Benjamin,-0.10289586122286709,-0.06139729785830693,0.07523015231316031,0.9022209247732549,0.9404495269603678,124
BA Reid,-0.11211953765243263,-0.05677340633190666,0.07522211677208197,0.8939373919360014,0.9448081326533371,125
DE Bollinger,0.01842099110509007,-0.12158610693842516,0.07491707425725341,1.018591704185348,0.8855148010975379,126
JR Hazlewood,-0.013889131594989574,-0.10482054058188855,0.0745100709195889,0.9862068773854615,0.9004861087998507,127
SN Netravalkar,-0.06739374448080489,-0.07558892629270265,0.07285719902207007,0.9348270458721225,0.9271972746515664,128
JC Tredwell,-0.08099296287932396,-0.0687655921252952,0.07284138237663812,0.9222001810557355,0.9335454848454627,129
Harmeet Singh,-0.08409211474544687,-0.06630419003627874,0.07223349827266812,0.919346566819639,0.9358461459164902,130
Arafat Sunny,-0.020994228574661333,-0.09732693066126717,0.07188269663239856,0.9792246160749124,0.9072593467442179,131
GH O'Brien,-0.020567002455407886,-0.09744474795356155,0.07181883278751032,0.9796430557853378,0.9071524622011231,132
Arshad Khan,-0.1788677012795084,-0.01712149543015166,0.07103689737993725,0.8362165224552044,0.9830242444259107,133
HMRKB Herath,-0.09490729980044897,-0.05905523741619495,0.07100592487761297,0.9094572374281131,0.9426546979090958,134
Abrar Ahmed,0.017248220473408873,-0.11429074486121674,0.0704444230830082,1.0173978299561592,0.8919985741756321,135
MR Whitney,-0.12583201802797608,-0.04234017823407682,0.0701707914987099,0.8817629546233196,0.9585436494183248,136
K Bhurtel,0.017215449075954785,-0.1128566682399715,0.0694992958013294,1.0173644889538236,0.8932786861469796,137
RD King,-0.051114869361737314,-0.0781681068967678,0.06915036105175763,0.9501695188972796,0.9248089467131545,138
IT Botham,-0.07407959839359318,-0.06622780845977187,0.06884507177104564,0.9285977760081914,0.9359176300504839,139
BL Cairns,-0.15762663978154673,-0.024307393093107317,0.06874714198925379,0.8541686350294241,0.9759856523939737,140
GF Lawson,-0.11420048891532565,-0.04527961281981544,0.0682532381849855,0.8920790859839579,0.955730210049518,141
Mudassar Bukhari,-0.03312639213355578,-0.08573159527457362,0.06819652756090101,0.9674162780540629,0.9178405509030392,142
RM Haq,-0.07509981096236,-0.06463765577832818,0.06812504083967212,0.9276508919794016,0.9374070658808616,143
JN Frylinck,-0.029811774996854692,-0.08719116481229418,0.06806470154048101,0.9706282128539798,0.9165018759766812,144
Shabbir Ahmed,-0.07648051098145212,-0.06291824057680566,0.06743899737835447,0.9263709681738762,0.939020244304272,145
SLV Raju,-0.15509900998893142,-0.02346644708971288,0.06734396805611906,0.8563303880239411,0.9768067488282178,146
RN ten Doeschate,0.018447552743382153,-0.1099247230024626,0.06713396442051435,1.018618760009084,0.8959015735387672,147
MG Hughes,-0.07296922504269363,-0.06310186577989098,0.06639098553415852,0.9296294388918648,0.9388478323512848,148
AR Cusack,-0.014369691487849287,-0.0915020959305492,0.06579129444964922,0.9857330597721169,0.9125594034888751,149
SO Ngoche,-0.10131540333372249,-0.04786927500589915,0.06568465111517359,0.9036479743503993,0.9532583936306158,150
PH Edmonds,-0.2443841172124664,0.023708425851865857,0.06565575516957822,0.7831867409696337,1.0239917048497775,151
RD Jackman,-0.14068321163172604,-0.02569238311342854,0.06402265928619437,0.8687644825927522,0.9746348576399825,152
HH Streak,-0.06889605571444368,-0.061421206085925016,0.06391282262876458,0.9334236990953522,0.9404270427477938,153
GB Troup,-0.1077296415049723,-0.04061153544261921,0.06298423746340358,0.8978703104849259,0.9602020619766732,154
KJ Abbott,-0.01527709231791243,-0.08669487539585331,0.06288894770320635,0.9848390104673446,0.9169568390452163,155
GS Chappell,-0.20960195391993414,0.010871737318217603,0.06261949309449964,0.81090696007514,1.010931049401298,156
Khawar Ali,-0.028514083264193642,-0.07950267991236903,0.0625064810296439,0.97188860668574,0.9235755448637635,157
Amir Hamza,-0.06326599330211446,-0.062109491220672275,0.06249499191448634,0.9386937542273923,0.9397799835001315,158
AL Phehlukwayo,0.16553923474845672,-0.17572335104609862,0.06196915578124684,1.1800292599624098,0.8388500182195109,159
W Watson,-0.15799682812404278,-0.013907847595274456,0.061937507771530564,0.8538524902783714,0.9861884197099908,160
Abdur Rehman,-0.08335864362925557,-0.049528603473109487,0.06080528352515818,0.9200211283276202,0.9516779364528825,161
MA Ealham,-0.10235383614630231,-0.03834524872632039,0.05968144453298103,0.9027100836953086,0.9623806228440369,162
JE Emburey,-0.19762550077914817,0.009365624194646274,0.05963141746328521,0.8206771385441227,1.0094096188915955,163
TA Boult,0.03133215697390016,-0.10497570432802449,0.059539750560716274,1.0318281758974142,0.9003463968412617,164
Zeeshan Maqsood,-0.09091657826251708,-0.04335109768312165,0.059206257876253464,0.9130938796000803,0.9575751286311021,165
M Ntini,0.011763924753240593,-0.09386248718288033,0.05865368320417336,1.0118333918506908,0.9104079463947937,166
Junaid Khan,-0.024119059900667997,-0.0754586923435042,0.058345481529225474,0.9761694801975592,0.9273180350777133,167
J Theron,0.06372155715970296,-0.11927676246700056,0.05827732259143272,1.0657955942894328,0.8875621228835648,168
A Kumble,-0.08908214701709452,-0.04277440223506095,0.05821031716240547,0.9147704248261458,0.9581275171136121,169
A Flintoff,-0.0370107695509126,-0.06831375325729895,0.05787942535517016,0.9636657570457355,0.9339673922904714,170
AR Caddick,-0.05925796186596292,-0.05657576219964681,0.057469828755085516,0.9424636181230677,0.9449948868916992,171
DS Airee,-0.13894070116616103,-0.015934575072534266,0.05693661710374318,0.8702796334955573,0.9841917086201024,172
Imran Tahir,0.017746779218531662,-0.09417622027218797,0.05686855377528143,1.0179051890051891,0.9101223660975779,173
Saad Bin Zafar,-0.11437773701752046,-0.026440827805757374,0.05575313087634507,0.8919209806713068,0.973905670266072,174
PJ Cummins,0.02706445646759126,-0.09623676068421538,0.0551363549669465,1.027434025397188,0.9082489529669249,175
GD Campbell,-0.05576134008067922,-0.053251984547641795,0.054088436391987606,0.9457648251146973,0.9481410654806007,176
DT Johnston,-0.0845726561183551,-0.038263897680019796,0.05370015049279823,0.9189048888889999,0.962458916699245,177
Zahoor Khan,0.001685275859658467,-0.08089246067748139,0.05336654849843477,1.001686696735097,0.9222928688620575,178
D Gough,0.005144036637826267,-0.08191959588802077,0.05289838504607176,1.0051572899096524,0.921346035728088,179
Maninder Singh,-0.17591703535928485,0.008824165282867861,0.05275623493118304,0.8386875618629976,1.0088632129993313,180
RJ Trott,-0.053935386537371545,-0.0513644537889648,0.052221431371767046,0.9474933253485643,0.9499324009738381,181
J Srinath,-0.052345458415718166,-0.05195095029386293,0.052082453001148006,0.9490009698372055,0.949375432286837,182
VJ Marks,-0.15716341546447252,0.0009425544244524486,0.051759435538522545,0.8545643983685762,1.000942998768469,183
PJ Martin,-0.11204019935059058,-0.021051404454143142,0.051381002752958954,0.8940083182241791,0.9791686296468299,184
H Thaker,-0.10819001912410679,-0.02262232768650025,0.05114489149903576,0.8974570462252006,0.9776316384617849,185
KR Mayers,-0.026021529338294498,-0.06315220847612169,0.05077531543017929,0.9743141130447995,0.9388005694097358,186
Sikander Bakht,-0.07611325415221122,-0.0379470210174464,0.05066909872903467,0.9267112467193338,0.9627639457943812,187
MG Johnson,0.03455072755983275,-0.09223976452349514,0.049976267162385846,1.0351545379080207,0.9118864853035437,188
Taijul Islam,-0.011247063457845383,-0.06907806031571972,0.049801061363094944,0.988815948306685,0.9332538271463838,189
JV Coney,-0.22418985407998734,0.03786459658361793,0.04948688697091716,0.7991633955344837,1.038590594642527,190
Zulfiqar Babar,-0.027868219889018938,-0.059948302043575284,0.04925494132538983,0.9725165166917586,0.9418132221446069,191
R Ashwin,-0.02545667591797249,-0.06108271805448439,0.049207370675647094,0.974864613165322,0.9407454199265994,192
MRJ Watt,-0.05097093668045852,-0.04826570292531411,0.04916744751036225,0.950306289186425,0.9528805702837737,193
Shakib Al Hasan,-0.04228271664197077,-0.051375775432880084,0.04834475583591031,0.9585987304450302,0.9499216462383314,194
Haseeb Amjad,0.03615718080652994,-0.09017231635172213,0.04806248396563811,1.0368188016993491,0.9137737135515229,195
Al-Amin Hossain,0.05849262287395066,-0.10031743607352217,0.0473807497576979,1.060237164162545,0.904550235582249,196
SP Narine,-0.0928435752368754,-0.023854396097551824,0.046850789143993016,0.9113360446720296,0.9764278711165276,197
MS Kasprowicz,-0.009377340831312303,-0.06516941348895297,0.046572055936406086,0.9906664893188085,0.9369087249556429,198
KCG Benjamin,-0.022531626521223282,-0.057957601937804484,0.04614894346561075,0.9777203148120684,0.9436899572141233,199
Iqbal Qasim,-0.1565980840726462,0.009271198518003848,0.04601856234554617,0.8550476470342611,1.009314309205234,200
AW Greig,-0.10708595373286736,-0.014994729644270732,0.045691804340469606,0.8984484446737134,0.9851171315070991,201
JD Nel,-0.07026935136513525,-0.03335248041868054,0.04565810406749878,0.9321427121773358,0.9671975812900756,202
AR Border,-0.12957927343794584,-0.003245455291918158,0.045356728007260726,0.8784649467194732,0.9967598055053415,203
HS Baidwan,0.06565490237905129,-0.10012213398025627,0.044863121860487076,1.0678581382687737,0.9047269133889336,204
NA Foster,-0.09156113602710006,-0.021298065771196237,0.04471908918983084,0.9125055274840226,0.9789271364077688,205
HA Varaiya,-0.13674637119282515,0.0014794927822796052,0.04459579520942198,0.8721914109486902,1.001480587771669,206
KP Meiyappan,0.05549219256134085,-0.09279470559574382,0.04336573954338226,1.0570607641031309,0.911380582425746,207
RJ Sidebottom,-0.02334468209998424,-0.053017937799575976,0.043126852566378736,0.9769256969336662,0.948363000784289,208
BP Patterson,0.03126974027365232,-0.08012177630172176,0.04299127077659707,1.0317637745973312,0.9230039395362981,209
Shoaib Akhtar,0.06553745770565698,-0.09705110283212058,0.04285491598619473,1.0677327313828229,0.907509628636072,210
RK Illingworth,-0.1345414179234151,0.003257776702595204,0.042675288172741556,0.8741166740293517,1.0032630890243368,211
ND Hirwani,-0.06233405084201525,-0.032532140137482915,0.042466110372327025,0.9395689705562711,0.9679913379566546,212
Tauseef Ahmed,-0.18352122838632817,0.030095566299525915,0.041110031929092114,0.8323342064382616,1.0305530153858347,213
S Shrivastava,0.060121302080762426,-0.09158140324591485,0.04101383480368909,1.061965357340236,0.9124870337222366,214
SW Tait,0.048775942229608994,-0.0855072135746068,0.04074616163986821,1.0499850670693738,0.9180465206332041,215
PR Adams,-0.04063249943528299,-0.0405807898167608,0.0405980263562682,0.9601819325186879,0.9602315844438604,216
SL Boock,-0.14654750780253983,0.012481970184427182,0.04052785581122849,0.8636846995979173,1.0125601951024807,217
Mohammad Amir,-0.02721314924417619,-0.0470199384489944,0.04041767538072166,0.9731537924209906,0.9540683747571016,218
P Kumar,-0.036211913507349806,-0.03943153463264794,0.0383583275908819,0.9644358948333823,0.9613357699441537,219
SR Taylor,-0.10640468454504863,-0.004162446891233178,0.038243192775838326,0.8990607384606769,0.9958462040835913,220
Wasim Raja,-0.131241772141771,0.008511785226631355,0.03807273389616943,0.8770057132072058,1.0085481134700862,221
CE Cuffy,-0.14099373055208692,0.01350173495869467,0.037996753544899196,0.868494756663239,1.0135932949911806,222
Kushal Malla,-0.09702126664212382,-0.008076218876548101,0.03772456813174001,0.9075367056697117,0.9919563061604527,223
N Burger,0.20265619327038206,-0.1575942860051117,0.03751079291328044,1.2246513524840108,0.8541962710575421,224
MC Snedden,-0.08676345315972575,-0.01124943208333098,0.03642077244212923,0.9168939583517604,0.9888136061748031,225
JTS Sumerauer,0.029836649853441154,-0.06863019093681118,0.035807910673393735,1.0302862228015732,0.9336718965715706,226
PAJ DeFreitas,-0.10397056739361622,-0.001661074991018204,0.03576423912521754,0.9012518232210067,0.998340303830497,227
WB Rankin,-0.02198055375178424,-0.04197536571546018,0.035310428394234865,0.9782592583386007,0.9588934019344423,228
Majid Khan,-0.24016370296929768,0.06757557899028205,0.035004181662911193,0.7864990982896766,1.069911119344306,229
FJ Klaassen,-0.011651254244952258,-0.0466552276343929,0.03498723650457935,0.9884163587708796,0.9544163972711744,230
M Morkel,0.026822171047521257,-0.06577306466287641,0.034907986092743856,1.0271851232666467,0.9363433295719268,231
Shaheen Shah Afridi,0.08384886316193023,-0.09415630346934907,0.034821247925589306,1.0874645254381934,0.9101404930058172,232
Hamza Tahir,0.008799004130437183,-0.056449639048090076,0.034700091321914324,1.0088378291575921,0.9451140801413951,233
CK Langeveldt,0.0675278003302878,-0.08574744446592661,0.03465569620052181,1.0698600016458881,0.917826003987795,234
NW Bracken,-0.06937165858630791,-0.016881000589435157,0.03437788658839274,0.9329798656559917,0.9832606851152378,235
A Nel,-0.006561781955841254,-0.048217447057741836,0.03433222535710831,0.9934596995240997,0.9529265534718558,236
G Sharma,-0.2259876597335144,0.06191079418081079,0.03405535712396427,0.7977279457803685,1.0638674373286947,237
MA Starc,0.08620350549503447,-0.0941190626769122,0.03401153995292997,1.0900281324498777,0.9101743879901397,238
TL Chatara,-0.040395621918727344,-0.03059822440282718,0.0338640235747939,0.9604094049707956,0.9698651629619568,239
GD Elliott,0.0637908789802961,-0.08249539222455618,0.03373330182293875,1.0658694797413164,0.9208156807589114,240
CN Greaves,0.08209154812599738,-0.09146298392942644,0.033611473244285164,1.0855551858235655,0.9125950962112913,241
NC McGarrell,-0.13116541983677127,0.015801147034722754,0.033187708589108585,0.877072677171301,1.015926645292702,242
Mudassar Nazar,-0.12673914352424484,0.01371663884863796,0.033101955275656306,0.8809634476469215,1.0138111435405066,243
Saleem Jaffar,-0.08906779665733536,-0.0045177164752129555,0.03270107653592042,0.9147835522050302,0.9954924730556167,244
TG Hogan,-0.1168272899105733,0.009440307243615926,0.03264889180778048,0.8897388467700574,1.009485007494684,245
MJ Henry,0.0802503267901977,-0.08867774673250062,0.03236838889160118,1.0835582773935852,0.9151404330569579,246
PC Connell,-0.011925941593478626,-0.04216113007791943,0.03208273391643916,0.9881448905881934,0.9587152902568788,247
N Pokana,-0.04276968407090286,-0.0254788485538103,0.03124246039284116,0.9581320377271868,0.9748429980868957,248
Arshad Ayub,-0.17428494848210266,0.04047593451410793,0.031111026484628934,0.8400574904439092,1.0413062498601147,249
S Elworthy,-0.033578492606189995,-0.02923185690208905,0.030680735470122695,0.9669790075500694,0.9711912609630176,250
L Ngidi,0.11939649351492904,-0.10472623559439512,0.0300186592246204,1.1268166052047464,0.9005710331354103,251
VB John,-0.06945192413198285,-0.010020029777488408,0.029830661228986557,0.932904982523279,0.9900300034698943,252
JOA Gordon,0.06241066559000028,-0.07590247036639938,0.029798091714266162,1.0643993671809693,0.9269066030125179,253
M Prabhakar,-0.07361573242636586,-0.007774891769486043,0.02972183865511265,0.9290286208331248,0.9922552545228805,254
PL Taylor,-0.0848168598142724,-0.001826702405391143,0.02949008820835156,0.9186805163163576,0.9981749650000088,255
R McLaren,0.05883272132189315,-0.07273347664296614,0.02887807732134638,1.0605978105006812,0.9298486233796041,256
Umar Gul,0.061215130617727584,-0.07330001012789382,0.028461629879353353,1.0631276008850596,0.929321982192565,257
RE van der Merwe,-0.04111250987457435,-0.02183304332563896,0.028259532175284086,0.9597211457675329,0.9784035724223331,258
JH Davey,0.062794408977543,-0.07361204295413465,0.028143225643575433,1.0648079017810421,0.9290320484647464,259
JN Loftie-Eaton,0.057953932049846946,-0.07099544422290234,0.02801231879865258,1.0596661779371648,0.9314661356700139,260
S Madan Lal,-0.10136719114457453,0.008839663065472568,0.02789595500454313,0.9036011776117876,1.0088788482632398,261
Harbhajan Singh,-0.10022755313354234,0.008407138076512744,0.027804425660172286,0.904631542870797,1.0084425773063799,262
JC Archer,0.0492734452218927,-0.0653385974120455,0.027134583200732764,1.0505075677441416,0.936750228469882,263
BM McMillan,-0.12853070062159277,0.02397385139513353,0.026860999277108572,0.8793865642898443,1.0242635344780064,264
DR Parry,-0.019834947979904212,-0.03011227142298089,0.026686496941955334,0.9803604704299835,0.9703365863634734,265
DNT Zoysa,-0.03886777308316518,-0.020438867351468493,0.026581835928700722,0.9618778868853757,0.979768590492644,266
Aaqib Javed,-0.07335656531525242,-0.0031531462308336867,0.026554285925639933,0.9292694256999308,0.9968518197139217,267
Rohan Mustafa,-0.044637019170761356,-0.017442713237431025,0.026507481881874472,0.9563445535781899,0.9827085302428372,268
D Heyliger,0.04144422664081633,-0.059314038899520326,0.025727950386074772,1.0423150268199222,0.9424107690409513,269
B Kumar,-0.006797503406934861,-0.03484728504219267,0.025497357830440066,0.993225547360553,0.9657528899083984,270
SCJ Broad,0.03508504466255185,-0.05568502719865258,0.0254283365782511,1.0357077864735051,0.9458370019081958,271
DJ Nash,-0.09035740468127619,0.007623241949285553,0.025036973594235026,0.9136046003522138,1.0076523728350752,272
Simi Singh,-0.057533762584453876,-0.008695900642582233,0.02497518795653945,0.9440900149294652,0.9913417993438217,273
Mushtaq Ahmed,-0.06684871857438714,-0.0034471610995063266,0.024581013591133263,0.9353366897020721,0.9965587735391397,274
GC Small,-0.08607781705680694,0.0061933279867243275,0.024563720361119427,0.9175228295159057,1.0062125462971145,275
PCR Tufnell,-0.16351345461725428,0.04506774454250689,0.024459321844080163,0.8491550738682153,1.04609872498787,276
PA Strang,-0.09979639505300282,0.013434389902838816,0.02430920508244173,0.9050216661667788,1.0135250367925661,277
JR Thomson,-0.02644376472683342,-0.023241507838381723,0.02430892680119896,0.9739028099861832,0.9770264957209187,278
C Pringle,-0.06922182685636304,-0.00040340645995022985,0.023342879925421167,0.9331196661162775,0.9995966748974954,279
D Pretorius,0.07127557370484225,-0.06997344939420326,0.022890441694521424,1.0738771173923083,0.9324185758553492,280
AJ Hall,-0.0008206446440290721,-0.033888350170219,0.02286578166148903,0.9991796919926942,0.9666794282061825,281
Ahsan Malik,0.055806489630991864,-0.062063375854786884,0.022773420692860636,1.0573930474188324,0.9398233227972185,282
BV Sears,0.13764720608755587,-0.10290309079324549,0.022719658499645034,1.1475706229205598,0.9022144021271603,283
JF Mooney,0.02629781292230767,-0.04721261982660665,0.02270914224363521,1.0266466515895007,0.953884561257605,284
CD Collymore,-0.07731588087043202,0.0051596852838738,0.022332170100894805,0.9255974289017307,1.0051730193833763,285
JK Kamande,-0.054520126255758354,-0.005473523441360762,0.02182239104615996,0.9469394503204723,0.9945414289947953,286
Karan KC,0.06305082000321281,-0.06412957200875072,0.021736108004762875,1.065080965274028,0.9378834682124206,287
Arshdeep Singh,0.1205796769311267,-0.09212460785701715,0.021223179594302533,1.128150624964522,0.9119915011579193,288
PA van Meekeren,0.03823011580598431,-0.05074511230206467,0.02108670293271501,1.0389702888575774,0.950520915746507,289
L Klusener,-0.07002894535468737,0.0040268413255143305,0.02065842090121957,0.9323668318267144,1.0040349599448508,290
RDB Croft,-0.16219602000707936,0.05022704677342242,0.020580642153411505,0.8502745173868407,1.0515098111851366,291
A Nao,-0.045601862338289736,-0.007510396125009769,0.020207551529436426,0.9554222760679916,0.9925177364270406,292
Mohammad Naveed,-0.0011816260642906412,-0.029656516048874745,0.020164886054013377,0.9988190717808961,0.9707789232684546,293
RMH Binny,0.0009637990560336567,-0.030569473582108066,0.02005838270272749,1.0009642636595935,0.9698930477822326,294
B Muzarabani,0.0462267842413242,-0.05308604790051428,0.019981770519901455,1.047311897860962,0.9482984098842508,295
WW Davis,-0.05093885313489998,-0.004289314860667308,0.0198391609520782,0.9503367788706547,0.9957198711117837,296
Mohammad Hafeez,-0.11082369740699882,0.02571283625746155,0.019799341630691907,0.8950965428603753,1.026046262879092,297
Junaid Siddique,0.04542320616953524,-0.052181376611787046,0.01964651568467962,1.0464706390393574,0.9491566964038675,298
DK Morrison,0.007496364786516152,-0.03295666125707611,0.019472319242545357,1.0075245328711095,0.9675804924025861,299
DG Cork,-0.013490226288920857,-0.022348549625777862,0.01939577518015886,0.9866003590174697,0.9778993291981172,300
SI Kamea,0.03973590803171473,-0.047434076277464016,0.0183774148410711,1.0405359407186732,0.9536733407570757,301
A Nortje,0.11634240555034953,-0.08564924398203044,0.018318694137903786,1.1233804579913016,0.9179161393711158,302
Ali Khan,0.06727834737338632,-0.05906146804199906,0.0169481962368706,1.0695931551892095,0.9426488245987079,303
Aizaz Cheema,0.06996127356011134,-0.06037827257123929,0.016931757194122415,1.0724666476348348,0.9414083572627414,304
B Lee,0.06010820247092816,-0.05526668881947914,0.016808391722676706,1.0619514460995134,0.9462327646021265,305
K Rabada,0.08689785719692975,-0.0686416683366474,0.016795159825455014,1.090785258164103,0.9336611805073941,306
SB Joshi,-0.11091099952542187,0.030736904751214482,0.016479063340997635,0.895018402446952,1.0312141606473828,307
RP Snell,-0.013037451928627377,-0.01794900408648532,0.016311820033866005,0.9870471675079703,0.9822111198344818,308
RJ Shastri,-0.16717596195136808,0.059435928290614955,0.016101368456712725,0.8460507255018357,1.0612377634836314,309
BC Strang,-0.1623000945616992,0.057060708281961706,0.016059559332591927,0.850186030049859,1.058720081521813,310
Mohammad Asif,0.01729285243143598,-0.03263060748847797,0.015989454181839988,1.017443239426752,0.9678960271064003,311
JA Richardson,0.07464808761170956,-0.06056196777427292,0.015491949312278758,1.0775048968348064,0.9412354409458517,312
DE Malcolm,0.02223459954822667,-0.033713229110332706,0.015063952890812915,1.0224836305332414,0.966848728955851,313
MJ Humphreys,0.019532847569603138,-0.03173288755746995,0.014644309181778925,1.0197248617939156,0.9687653167920354,314
Abdul Razzaq,-0.008107133360070087,-0.017855981135057535,0.01460636521006172,0.9919256408175754,0.9823024922615745,315
EAE Baptiste,-0.15815133737219933,0.05792110381181328,0.014103043249524258,0.8537205723635933,1.0596313915346305,316
Nasum Ahmed,-0.05253981527233906,0.0058162139325745295,0.013635795802396667,0.9488165429146769,1.0058331609447144,317
R Trumpelmann,0.05061305126559168,-0.04557851314721887,0.013514658342948687,1.0519157770430958,0.9554445846657117,318
LH Ferguson,0.08230355179270482,-0.06134853536758575,0.013464506314155559,1.0857853519005374,0.9404953867398093,319
NP Kenjige,-0.040961385796157754,0.001174315517493584,0.012870918253723529,0.9598661937010655,1.0011750052959403,320
Mustafizur Rahman,0.03336784865931899,-0.03570674482842622,0.012681880332511152,1.0339307993563027,0.9649232207208056,321
DR Tuffey,-0.001707648517623437,-0.017234358171419793,0.012058788286821007,0.9982938086845253,0.9829133038755968,322
MC Sorensen,0.07134332080555844,-0.053645228611524244,0.011982378805830016,1.0739498719179632,0.9477682879359595,323
ST Finn,0.061042872975238735,-0.04838909811863773,0.011911774420678908,1.0629444848028915,0.9527629966557486,324
CC Lewis,-0.035635969827047476,0.00011190802080612675,0.011804051261811742,0.9649915155798384,1.0001119142827424,325
BKV Prasad,-0.04043157174511656,0.00291071236552896,0.011536715671352879,0.9603748790400287,1.0029149526018044,326
BJ McCarthy,0.10558184058242226,-0.07002856745288451,0.011491764774448918,1.1113570549097378,0.9323671841698876,327
SM Boland,0.07251765061541834,-0.053474519093263395,0.011477129190369481,1.0752117840723618,0.9479300948144102,328
A Zampa,0.06863456193871885,-0.05104018269963086,0.011148601153514287,1.0710447371110363,0.9502404865372165,329
C White,0.003512220189380149,-0.01823906507658522,0.010988636654596763,1.003518395261998,0.9819262600199327,330
RA Jadeja,-0.051088378699714526,0.009135172557597668,0.010939344528173064,0.9501946898502652,1.0091770255942518,331
JM Anderson,0.0010798412552824061,-0.016727410886476772,0.010791660172557047,1.0010804244937668,0.983411715429849,332
CL Cairns,0.03287035959075534,-0.032541255642878054,0.01073738389833359,1.0334165580113015,0.9679825142666072,333
M Theekshana,-0.031113069156591736,-0.00016577806495493824,0.010481541762167203,0.9693659614876037,0.9998342356754691,334
N Vanua,0.030632836371719614,-0.03000068104137394,0.009789508570342756,1.0311068494447204,0.9704448726351738,335
T Lungameni,-0.009886819015928265,-0.009573913010403142,0.00967821501224485,0.9901618949051082,0.9904717709869812,336
LL Tsotsobe,-0.027785438612876946,-0.0003452541745354527,0.009491982320649284,0.9725970261823728,0.9996548054188286,337
Yuvraj Singh,0.013228474928854254,-0.02039843294744246,0.009189463655343554,1.0133163582967333,0.9798082076526268,338
M Dillon,-0.021433213015407723,-0.0024510147839213745,0.008778414194416823,0.97879484604254,0.9975519865002495,339
NO Miller,-0.023842257833436842,-0.0008120886549831383,0.008488811714467706,0.9764397233278489,0.9991882409997663,340
AJ Bichel,0.014431127898163698,-0.019895620660004987,0.008453371140615425,1.0145357593350526,0.98030099113718,341
MA Leask,0.03325611384965601,-0.029283071350823173,0.00843667628399678,1.033815279749133,0.9711415232116285,342
Washington Sundar,0.01533769516227985,-0.019645239040170383,0.007984260972686973,1.015455921274066,0.980546471217834,343
MN Hart,-0.12883766084500617,0.05283587836272314,0.007721968039853297,0.8791166690192787,1.0542566045998407,344
VC Drakes,0.0029509181061157883,-0.012752429167607828,0.007517980076366622,1.002955276350837,0.9873285385135755,345
RM Ellison,-0.07971063676133885,0.028680799842435226,0.007449679025489468,0.9233835009727813,1.0290960544201815,346
Mahedi Hasan,-0.019682894845325177,-0.0010173594014439933,0.007239204549404388,0.9805095486461476,0.9989831579331786,347
A Dutt,-0.01835529171556806,-0.0015684142183286578,0.007164040050741792,0.9818121406629846,0.9984328151004738,348
KJ O'Brien,0.04706833779198198,-0.034162469413724424,0.007085533678488955,1.0481936378709327,0.9664144790880953,349
BW Hilfenhaus,-0.0009610335413327026,-0.009660732091385396,0.006760832574701166,0.9990394281035039,0.9903857828708439,350
TBA May,-0.1628439447676541,0.07148171751206076,0.006626836581177529,0.8497237819105826,1.0740985133286889,351
CJA Amini,-0.06199505464420931,0.0211795950607481,0.006545288174237704,0.9398875348578588,1.0214054745443608,352
D Parashar,-0.07555138384724167,0.028009897046567655,0.006510529918035452,0.927232084558102,1.0284058625517705,353
Usman Shinwari,0.06733508621281852,-0.04298716963843862,0.006213084354686242,1.0696538443852006,0.9579236804953541,354
AM Phangiso,0.008183095680054948,-0.013170519917473632,0.0060526480516307725,1.0082166687221652,0.9869158318649723,355
PM Seelaar,-0.03999323876001316,0.010999738602257468,0.005997920518499407,0.9607959353022592,1.0110604581557636,356
SMSM Senanayake,-0.03362285901267048,0.007870686382261773,0.005960495416048979,0.9669361071180383,1.0079017416562996,357
SB O'Connor,0.03241398804840207,-0.025000964675735787,0.005862647101023168,1.032945043703868,0.9753089711709795,358
SR Waugh,-0.085979378931105,0.034534872676351414,0.005636544526134056,0.9176131531891055,1.0351381257835435,359
G Motie,0.03848682161162907,-0.027616338310156426,0.00558195166956126,1.0392370327985139,0.9727615065403724,360
MP Bicknell,0.01192358369728687,-0.012968650149291532,0.004671238867098732,1.0119949529985823,0.9871150804456219,361
Tanwir Afzal,-0.06202899478546607,0.024233023738474066,0.004520982436172646,0.939855635483498,1.0245290296614538,362
Mirwais Ashraf,-0.10157577139744758,0.04424713254163878,0.004360502104723343,0.9034127239042092,1.0452406359472877,363
PT Collins,-0.004349005337633215,-0.0040384741645750335,0.004141984555594427,0.9956604378915689,0.995969669505858,364
Mohammad Nawaz (3),0.018080986447104735,-0.014755594171983145,0.0038100672989538516,1.0182454371308813,0.9853527361271889,365
Ahmed Raza,-0.11013555573442615,0.04936357475972357,0.003802802071659672,0.8957127080726583,1.05060225377265,366
Aamer Nazir,0.05428435862528313,-0.03284148564059129,0.003799537551966485,1.055784780982753,0.9676919405002258,367
EE Hemmings,-0.12984976914543583,0.059250790427778026,0.0037827294299599273,0.8782273578570375,1.0610413063785236,368
ST Jayasuriya,-0.06400141106226025,0.02704184994440585,0.00330590372448285,0.9380036759482085,1.0274107989486072,369
JNT Seales,0.1301559412180505,-0.0692312411598757,0.0027688470339002993,1.1390059874574103,0.9331108814858777,370
RW Price,-0.1320048598634133,0.06232202244682292,0.0024536049899224846,0.8763367361921826,1.0643050196571588,371
T Panyangara,0.017599092141415962,-0.012151205480852897,0.0022344396067632776,1.0177548686635032,0.9879223222980907,372
Kashif Daud,-0.03476129062387781,0.014207364847163232,0.0021155203098504488,0.9658359428373949,1.0143087691151538,373
DR Pringle,-0.08942365548846287,0.042080195207103495,0.0017544216914186274,0.9144580763145774,1.042978117243132,374
CA Young,0.09986006078583377,-0.05240264201218855,0.0016484077461811075,1.10501627214662,0.9489467041002662,375
MJ Santner,-0.033202397042150625,0.014184417450773862,0.0016111873802009669,0.9673427524624646,1.0142854936368246,376
JP Faulkner,0.0964096360797139,-0.050511862156578255,0.0015380294111475383,1.1012100669889058,0.950742650747248,377
BTJ Wheal,0.01922091297860796,-0.0116747663978555,0.001376206605701014,1.0194068239423069,0.9883931192475268,378
Enamul Haque jnr,-0.04764374526563321,0.021767208304663655,0.0013697762187686337,0.9534734059934674,1.0220058423033591,379
HDPK Dharmasena,-0.1365103473195727,0.06673645233201511,0.0010124808851808276,0.8723972932393319,1.069013704976906,380
FA Rose,0.000680803712808368,-0.001735058232986284,0.0009297709177214,1.0006810355122564,0.9982664461103827,381
KA Maharaj,0.019495441643974744,-0.010987303298570684,0.0008263883177222082,1.0196867187549663,0.9890728366581456,382
EA Brandes,-0.03235852368152595,0.014968805069871026,0.0008069711805946319,0.9681594117719156,1.0150813987285054,383
KAJ Roach,0.021459246401110885,-0.01154483554490132,0.0005434748962305849,1.0216911518975367,0.9885215503519655,384
AJ Hosein,0.007155007099774761,-0.004322817992152838,0.0004968762948436382,1.0071806653214883,0.9956865119368407,385
GD Drummond,-0.06167284504553591,0.03117291253837025,-0.00022432667706819703,0.940190424437608,1.0316638760842423,386
SD Anurasiri,-0.18017465512905798,0.09118063624785569,-0.0007288724555511347,0.8351243399236723,1.0954668684120588,387
SR Watson,-0.008541657686399218,0.005414119818046094,-0.0007621939832309898,0.9914947186265982,1.005428802650994,388
Haris Rauf,0.13897465081598137,-0.06831898551861464,-0.0007788932595840329,1.1490949710145335,0.933962505541799,389
JTC Vaughan,-0.10224977843383296,0.052621514874640396,-0.0009977504384826124,0.9028040225290863,1.054030634697458,390
B Shikongo,0.07080014789251929,-0.03344368095827043,-0.0013042619919928083,1.073366689836269,0.9671093763710011,391
J Overton,0.13714668253302634,-0.0662341998161225,-0.0015594276335937813,1.146996380516215,0.9359116482865112,392
Sompal Kami,0.03090057439571175,-0.012944292075504812,-0.0016706634149007092,1.0313829529151648,0.9871391249604252,393
Mohammad Wasim (1),0.1043301442039657,-0.0491046045806861,-0.002040311680864502,1.1099668435517052,0.9520815323999532,394
HA Gomes,-0.13462874685334428,0.07136702745118859,-0.0027017693496776316,0.8740403416886348,1.0739753319687864,395
IK Pathan,0.07651794990032464,-0.03333116658460934,-0.003285205577035317,1.0795215674677905,0.9672181961985279,396
SB Doull,-0.01851680233446732,0.014235800734338206,-0.0033182663780696973,0.9816535803814327,1.0143376122949617,397
GH Dockrell,-0.01302864281664489,0.0114978627196419,-0.0033223608742129693,0.9870558625552985,1.0115642172109558,398
SL Malinga,0.10367007096817552,-0.04609906551686132,-0.003823979978150959,1.1092344258969005,0.954947355151331,399
H Osinde,-0.001390811974990836,0.006490604973503528,-0.0038634659906720734,0.9986101547557519,1.0065117145966593,400
JH Kallis,-0.024864386122736146,0.01886773576150067,-0.004290361800088399,0.9754421865559647,1.0190468562470627,401
DJ Hussey,-0.014012676381395256,0.013913273518239053,-0.0046046235516942835,0.9860850441935259,1.0140105135606412,402
KD Mills,0.021538561987645984,-0.0037975038960266615,-0.004647851398530887,1.0217721911443023,0.9962096975032289,403
CPH Ramanayake,-0.04857746760206196,0.03127625145571528,-0.004658345103122868,0.9525835420846559,1.0317704926209845,404
Mohammed Siraj,0.08034131462083187,-0.03310626879040833,-0.004709592346671736,1.0836568724960203,0.9674357458996711,405
Fareed Ahmad,0.12062907678135913,-0.0531086293251408,-0.004803939377025844,1.128206356812996,0.9482769961969613,406
Ali Naseer,0.07689987925917675,-0.03115108872991638,-0.004865900599781331,1.0799339471928697,0.969329107307947,407
Rishad Hossain,0.09518400721862152,-0.039878125504046395,-0.005142585403509578,1.0998612189110948,0.9609065420167188,408
RK Chauhan,-0.15024990567211124,0.08284507884643309,-0.005146750673584981,0.86049290749431,1.0863734932759939,409
TS Chisoro,-0.04541439643890141,0.030941143042054094,-0.005489296548402259,0.9556014019537433,1.0314247955741696,410
NJ Astle,-0.1422360181678852,0.07942599031952767,-0.0055386541570567145,0.8674165062698759,1.0826654288418052,411
H Masakadza,-0.042480118754254996,0.03009039313167414,-0.005900222503031095,0.9584095197067215,1.0305476841758954,412
Shahid Afridi,-0.028119941523726637,0.023909711326882046,-0.006566493710012485,0.9722717440529736,1.0241978402518361,413
Hasan Ali,0.10524159100815832,-0.04258168982435161,-0.006692737119818368,1.110978980468431,0.9583121779698499,414
DH Brain,-0.0225686136564083,0.021371049924881678,-0.006724495397785018,0.9776841524073874,1.0216010463117007,415
Mohammed Shami,0.12669763495269012,-0.05280465500594007,-0.007029441646936664,1.1350737592584934,0.948565291866314,416
TG Southee,0.06381154484060439,-0.02132771346964527,-0.007052039300437951,1.0658915070786978,0.9788981139014524,417
SJ Harmison,0.0443507350312541,-0.011526310949161157,-0.007099371044310594,1.0453489310891453,0.9885398624836781,418
JR Ratnayeke,-0.0010136137957623375,0.011400478008964923,-0.007262447407389169,0.9989868997371785,1.011465711118903,419
CH Gayle,-0.0651154546965405,0.04360755026310247,-0.00736654860988815,0.9369592807829957,1.0445723323000962,420
AC Evans,0.06791555464275917,-0.0228018089610933,-0.007437312240190857,1.0702749249142116,0.9774561876347714,421
J Jarvis,0.12149268665760789,-0.049490307811797966,-0.007504023678003985,1.1291811078068963,0.9517143822866687,422
MR Adair,0.12263645978772847,-0.04927171390949369,-0.008031010656247029,1.1304733737056714,0.9519224439870528,423
Mohammad Nabi,-0.050429604312758114,0.03803114122484788,-0.008544226045645883,0.9508208600043446,1.0387635807450508,424
Fazalhaq Farooqi,0.0672520163061235,-0.0206121122935557,-0.008675930573004033,1.0695649920306811,0.9795988652423703,425
J Botha,-0.02790149281092558,0.027281265620713646,-0.008887012810167237,0.9724841587639702,1.027656806647758,426
RJ Ratnayake,-0.023957640138729936,0.025546546547088617,-0.0090451509851491,0.9763270659610499,1.0258756561286755,427
PW Jarvis,-0.03249376710289578,0.03042547281387126,-0.00945239284161558,0.9680284834344338,1.0308930576269797,428
MS Panesar,-0.07635352248063751,0.052510851883548516,-0.00955606042881984,0.9264886141040048,1.0539139989684683,429
DA Marillier,-0.005005295166270368,0.01717823948785057,-0.009783727936476925,0.9950072104501133,1.0173266339445266,430
A Symonds,-0.06496483041350626,0.04792242373815501,-0.010293339020934586,0.9371004202321432,1.0490892677439059,431
Z Khan,0.03799800298660236,-0.003048948236395338,-0.010633368837937229,1.0387291585203804,0.9969556950859968,432
Azhar Mahmood,-0.06365610690818486,0.04783837389170411,-0.010673546958407784,0.9383276284419034,1.0490010956575158,433
CR Woakes,0.06344413838535143,-0.015609333973459072,-0.01074182347947776,1.0654999635906048,0.9845118602735303,434
ZG Foulkes,0.09488941276195896,-0.03123179611290753,-0.0108086068453813,1.0995372536144388,0.9692508784493047,435
RJ Peterson,0.04104614398706168,-0.0038947440611740865,-0.011085551954904503,1.041900181864766,0.9961128306174746,436
PJW Allott,-0.10034236527214334,0.06687416732566095,-0.011135323126392857,0.9045276861508342,1.0691609343301063,437
KA Jamieson,0.0660140305496787,-0.016196906301306144,-0.011206739315688807,1.0682417050791608,0.9839335582617638,438
D Mohammed,0.00238853845838132,0.015712337827196426,-0.011271071370924724,1.00239139328887,1.0158364256586552,439
Imad Wasim,-0.06713359280188383,0.050883366961546196,-0.011544380373736188,0.9350702743343816,1.0522001648239614,440
MM Patel,0.007356995445882781,0.013769674428566315,-0.011632114767671805,1.007384124625821,1.0138649130282773,441
NM Hauritz,0.0007923625251235616,0.01720846611433483,-0.011736431584597739,1.0007926765272381,1.0173573847614479,442
RP Singh,0.09588575126431367,-0.029790944888706674,-0.012101287162300108,1.1006333108463282,0.9706484313552011,443
Aftab Alam,0.041628618678006823,-0.0021325553855227122,-0.0124545026356538,1.0425072391317771,0.9978697168951717,444
Naveen-ul-Haq,0.127605299264515,-0.044305102372906684,-0.012998364839567211,1.136104492910372,0.9566620330855354,445
A Kuruvilla,-0.018485980408966346,0.028856678644148984,-0.01307579229311054,0.9816838373012408,1.02927706651871,446
I Sharma,0.08073830444563608,-0.020632183460750603,-0.013157979174711626,1.084087158651942,0.9795792037470773,447
AM Fernando,0.1421247129759062,-0.05112355388630434,-0.013292535067765843,1.152720398764377,0.9501612671625812,448
JJC Lawson,0.13692003103454745,-0.047953266860452454,-0.01367116577121418,1.1467364415267147,0.9531783310526155,449
SM Sharif,0.051973735650431806,-0.005421162556178865,-0.013710470179358026,1.0533480766479513,0.9945935054277396,450
KMDN Kulasekara,0.002396005825906068,0.020557359760925313,-0.014503575115918897,1.0023988785417548,1.0207701176938968,451
YS Chahal,0.08268960837837794,-0.019428370357750524,-0.01461095588762563,1.086204607409234,0.9807591440993088,452
Samiullah Shinwari,-0.04562737494630488,0.04474228703784896,-0.014619066376464346,0.9553979010649096,1.0457583197039415,453
T Shamsi,0.06355409898625129,-0.009790594796843376,-0.014657636464188181,1.0656171330487538,0.9902571770443642,454
Azmatullah Omarzai,0.09061316247327535,-0.023124385922840905,-0.014788130209197845,1.0948453960446258,0.9771409336370948,455
PL Symcox,-0.12433820743967128,0.08451002110476648,-0.014893944923287225,0.8830811257651936,1.088183748980719,456
Kaleemullah,-0.060370811253503465,0.05387638805149726,-0.015793988283163685,0.9414153814358188,1.0553541397103177,457
DN Wellalage,0.02853303700723112,0.010339778982911513,-0.016404198324351384,1.028944003503497,1.010393419214257,458
W O'Rourke,0.13790342484878124,-0.044313945636887314,-0.016425177858335537,1.1478646897150893,0.9566535731080436,459
WW Hinds,0.04802045192652948,0.0007166961844229751,-0.016484614765125142,1.049192113105056,1.0007169530725,460
MG Bevan,0.044773756786917036,0.002370876565285997,-0.016505169972496344,1.0457912299736847,1.0023736893155852,461
JN Maguire,-0.01910486800313086,0.035340355652017666,-0.017191947766968158,0.9810764733173467,1.0359722478117734,462
Mohammad Rafique,-0.08218683244670706,0.06805286595818337,-0.01797296648988656,0.9210998512803482,1.0704218958621732,463
LV van Beek,0.0885369997203172,-0.01703403495691326,-0.018156309935496894,1.0925746768201006,0.9831102239513833,464
CL Hooper,-0.14450930970792775,0.09977834904145266,-0.01834912945832586,0.8654468553081524,1.1049259830283442,465
BFW de Leede,0.12288051462063962,-0.03369452021284393,-0.01849715806498392,1.1307493048657986,0.9668668177988188,466
AF Giles,-0.07956541109615127,0.06768763556594234,-0.018603286678577805,0.9235176096937118,1.0700310166381153,467
MJ Hoggard,0.06022916825339836,-0.0017227639860702842,-0.018927880093752597,1.0620799136570689,0.9982787191200028,468
M Kartik,-0.06618582720012171,0.061643191704033956,-0.019033518735982066,0.9359569218762765,1.063582781856457,469
R Ngarava,0.06985325090708502,-0.0058906538724631035,-0.019357314387386273,1.0723508031992994,0.9941266620117487,470
PM Siddle,-0.018122389602889002,0.04001205240849997,-0.02063390507137031,0.9820408334152778,1.0408233185446047,471
R Rampaul,0.04600268372315478,0.008018068811209252,-0.020679607115191095,1.0470772210185493,1.0080502996102725,472
RAS Lakmal,0.03776545496326888,0.012250868526079357,-0.020755730671809195,1.0384876321921113,1.0123262177995282,473
SC van Schalkwyk,0.1570409345779344,-0.04676914268194795,-0.02116754973801283,1.1700435081578127,0.9543076810742149,474
DJ Willey,0.10178952350538391,-0.016899109525096604,-0.02266376815173023,1.1071504180636278,0.9832428794719736,475
S Randiv,0.013516690327119583,0.02754120323141703,-0.022866365596651214,1.0136084537656924,1.0279239680238417,476
Sohag Gazi,-0.020882048060591334,0.0448831578665613,-0.022961422557510422,0.9793344721574744,1.045905646921881,477
Shoriful Islam,0.0738893389237876,-0.0018641998116499395,-0.02338697976682924,1.0766876514892278,0.9981375367295647,478
AG Cremer,0.033020464535719045,0.018621281662440724,-0.02342100928686683,1.0335716905896588,1.0187957389179252,479
SB Styris,-0.027974223195186287,0.04945016103238894,-0.02364203295653053,0.9724134321894324,1.0506932254442503,480
L Sivaramakrishnan,-0.08232867388488983,0.07680823396591549,-0.02376259801564705,0.9209692104180957,1.0798349808645449,481
PWA Mulder,0.14185766782826945,-0.03513988506037992,-0.023859299235836535,1.1524126114736855,0.965470351932571,482
S Joseph,0.1949290548013312,-0.061626510851138856,-0.023892011033017826,1.215224769068742,0.9402339884127472,483
Gulsan Jha,0.09154886654994097,-0.009921929947722015,-0.023901668884832316,1.0958703267861791,0.9901271300086689,484
MDK Perera,0.058791924309471076,0.006623331932284619,-0.024012862724680104,1.0605545421612468,1.0066453147014869,485
T Thushara,0.09297901598751977,-0.010384035529403807,-0.02407031497623739,1.0974387063589528,0.9896696924356854,486
MJ Swepson,0.04609206171754024,0.013343353359769602,-0.024259589479026483,1.0471708108629048,1.0134327731766466,487
Dawlat Zadran,0.08188052953166716,-0.004498116278110844,-0.024294765658481824,1.0853261376617456,0.9955119850955215,488
BJ Dwarshuis,0.16007741192277913,-0.042970926726788414,-0.024711852823067437,1.1736017182410208,0.9579392400914303,489
JS Patel,0.048662053053666436,0.013044495539899774,-0.024917014711155327,1.0498654919446186,1.0131299461208412,490
A Dananjaya,0.09450689464150518,-0.00842174663608127,-0.025887800456447545,1.0991167411227687,0.9916136169281611,491
Tanzim Hasan Sakib,0.11982935987982135,-0.021082901075514353,-0.025887852576264216,1.1273044717954426,0.9791377896289242,492
NM Lyon,-0.01665377995051223,0.04810153220537527,-0.026516428153412767,0.9834841276207505,1.049277185342943,493
Haris Sohail,0.026291489252747956,0.027016271317322458,-0.026774677295797623,1.0266401594358485,1.0273845195270166,494
Shahid Nazir,0.03703017143650767,0.02170104133580829,-0.02681075136937475,1.0377243299995687,1.0219382215117776,495
RS Bopara,-0.005917945589180329,0.043380655264015126,-0.026947788312949975,0.9940995309587363,1.044335350947671,496
Abdur Razzak,-0.014793555834776213,0.04791567755781779,-0.027012599760286454,0.9853153312088687,1.0490821904223884,497
Azeem Hafeez,-0.006197135536128475,0.043704158555455515,-0.02707039385826085,0.9938220271033726,1.0446732515240975,498
N Boje,-0.05178221080973283,0.06667219045857395,-0.02718739003580502,0.9495356429240769,1.0689450103607359,499
NM Coulter-Nile,0.10629126626429589,-0.012361739843926314,-0.02718926219214775,1.1121457598769233,0.9877143525943525,500
GA Gooch,-0.15030544572646518,0.116048258501569,-0.027263690425557607,0.8604451169986121,1.123050067538996,501
KD Ghavri,-0.07084228368196645,0.07633581819769568,-0.02727645090447497,0.9316088104530111,1.0793249702705174,502
GRJ Matthews,-0.09632893580540872,0.08942182491803397,-0.027504904676886405,0.9081652388678493,1.0935418422476078,503
VJ Kingma,0.043074590676115784,0.019842081409636753,-0.027586251165129763,1.0440157657881992,1.0200402439896163,504
ME Waugh,-0.02096685227668033,0.052675227727059314,-0.02812786772581277,0.9792514239867415,1.0540872512098882,505
NC Johnson,-0.01325566447238531,0.049171613794589696,-0.02836252103893136,0.9868318049330015,1.050400598505633,506
MJ Clarke,-0.01697621033862621,0.052082934658951224,-0.02906321965975875,0.9831670735684552,1.05346310749406,507
MD Crowe,-0.06376190030264886,0.07632824718488004,-0.029631531355703743,0.9382283648277812,1.0793167987182688,508
JL Pattinson,0.07848201829698094,0.005653441524677115,-0.029929633782111723,1.0816439051879299,1.0056694523831442,509
C Bosch,0.1700240942819903,-0.040009543721927776,-0.030001668946044918,1.1853334107337556,0.9607802696888402,510
AR McBrine,0.004329921131647332,0.04323064709104919,-0.03026373843791524,1.0043393087845256,1.044178703859177,511
M Jansen,0.15788393785687171,-0.03310320487507728,-0.030559176035572386,1.1710302745368981,0.9674387100454256,512
CN Ackermann,-0.08334798620724625,0.08794085053378735,-0.030844571620109482,0.9200309334332908,1.0919235334238786,513
Tahir Naqqash,-0.03428351422888906,0.06352082105592073,-0.030919375960984135,0.9662975067056947,1.065581672106078,514
BMAJ Mendis,0.010695743370521125,0.04115293701664579,-0.031000539134604235,1.0107531473103697,1.0420114554832292,515
CT Tremlett,0.0244163836857739,0.034691052623493486,-0.031266162977586956,1.024716904474171,1.0352998062266061,516
JO Holder,0.03897814983885542,0.028230287622960863,-0.03181290836159238,1.0397477647457434,1.0286325384902872,517
KM Jarvis,0.09807770111572948,-0.0008779403346933636,-0.03210727348211425,1.1030484898771538,0.999122444942164,518
NT Ellis,0.08367823761367622,0.006869955616514425,-0.032472716282235026,1.087278992036153,1.0068936078939437,519
Shapoor Zadran,0.019110797459010776,0.039456947501400046,-0.03267489748727029,1.0192945776103524,1.0402457127437956,520
HT Davis,0.07465108734683132,0.011980366151785844,-0.03287060655013433,1.0775081290689372,1.012052418187446,521
DS de Silva,-0.09868718105681495,0.09867861217303789,-0.03289001442975361,0.9060260858209307,1.1037115231035153,522
Taskin Ahmed,0.0960235580996991,0.0014573179102716149,-0.032979397973414114,1.1007849960912075,1.0014583803140413,523
JDP Oram,-0.05624309532130081,0.07793855304703887,-0.033211336924258976,0.9453093076865668,1.0810562290179013,524
GI Allott,0.01295551311365198,0.043485238332099906,-0.03330866325928393,1.0130397993709288,1.044444576454252,525
A Nehra,0.04897142510271194,0.027227375131625334,-0.0344753917886542,1.0501903412301372,1.0276014272120588,526
CO Obuya,0.017122290395434416,0.04326678501336657,-0.03455195347405585,1.0172697170349063,1.0442164389898931,527
MA Wood,0.10673223850510492,-0.001177673527762564,-0.03479229714985993,1.1126362934326541,0.9988230196575644,528
UDU Chandana,0.02704275873615287,0.03959908987472427,-0.03541364616186714,1.0274117326514862,1.040393586247542,529
MJ McClenaghan,0.10669198340011145,-0.0001353680325281309,-0.03547374911168506,1.1125915050433293,0.9998646411293106,530
Shadab Khan,0.03939736196818049,0.03440242430864577,-0.03606740352849067,1.0401837309949487,1.0350010325075243,531
PJ Wiseman,-0.004685188507963291,0.05691474746552003,-0.036381435474358924,0.995325769867017,1.058565561151565,532
M Hayward,0.06681281854777595,0.02179860991065312,-0.036803346123027394,1.0690953446253675,1.0220379354320233,533
JR Hopes,-0.01576365130753884,0.06314830768006875,-0.03684432135086622,0.9843599447497838,1.065184802604344,534
MJ Potts,0.10939485474614463,0.0007264713171627069,-0.03694926579349001,1.1156027644322768,1.000726735261362,535
Fayyaz Butt,0.08361597424235045,0.014375305784206309,-0.03745552860358769,1.0872112964880356,1.0144791273849534,536
DL Chahar,0.120058143994757,-0.0035786515448570227,-0.03763361363501432,1.1275624106563173,0.9964277441969309,537
AS Wassan,0.046270803302271825,0.03343651133549809,-0.037714608657756,1.0473580005619163,1.0340017942492923,538
Aamer Sohail,-0.09599895022924994,0.10528624079240577,-0.03819117711852053,0.9084649697481583,1.1110285865476544,539
JEC Franklin,0.07074346451281112,0.021925663145625916,-0.03819826360135432,1.073305849508957,1.0221677969074705,540
IVA Richards,-0.1700091368987586,0.14282350950311515,-0.03854596070249056,0.8436571081515839,1.153526197287691,541
AC Agar,-0.026824032377264738,0.07130782322359258,-0.03859720468997347,0.9735325366588272,1.07391174997098,542
G Coetzee,0.27442223742301697,-0.0790097223519319,-0.03880093090638439,1.3157702524052066,0.9240309406474141,543
GJ Whittall,-0.04263860462932076,0.07994508402730588,-0.039083854475097,0.9582576373712397,1.0832275795453694,544
PA de Silva,-0.04784329851235415,0.08299413829770906,-0.03938165936102132,0.9532831562627464,1.0865354395822961,545
R Hekure,-0.020049567800371704,0.06953575105413864,-0.0396739781026352,0.9801500882187302,1.0720103860210384,546
JE Taylor,0.10508193409690228,0.00701244605999616,-0.03970227540563153,1.1108016191547956,1.0070370908329025,547
GP Wickramasinghe,-0.05444538498874716,0.08681133066693981,-0.03972575878171083,0.9470102284197617,1.0906908803838997,548
KW Richardson,0.11835410877677933,0.0004395903084924195,-0.03974442979792139,1.1256426407404068,1.0004396869424714,549
B Evans,0.11152854522586116,0.004023363906127626,-0.039858424346038805,1.1179856567031312,1.004031468500287,550
SR Thompson,0.05558626684227064,0.03271647351489925,-0.04033973795735638,1.057160211012038,1.0332575418279666,551
CRD Fernando,0.07193611602105669,0.024556760133486986,-0.04034987876267689,1.0745866929973171,1.0248607606899087,552
NL McCullum,-0.021551627873358823,0.0713338749564597,-0.040372040679853526,0.9786789490519808,1.0739397275974445,553
AS Joseph,0.1587878417998406,-0.01881664246688107,-0.04038485228869282,1.172089251954217,0.9813592853648399,554
DT Hondo,0.04916108786046911,0.03660232247459283,-0.04078857760321825,1.0503895421163225,1.0372804356888559,555
RAP Nissanka,0.10043785018066004,0.011224717757625657,-0.040962428565303785,1.1056549233149455,1.0112879512733108,556
HMCM Bandara,0.03553638246429079,0.04390998544322155,-0.04111878445024463,1.0361753460548158,1.0448882954983478,557
DJ Bravo,0.06941006137003118,0.027667451722217094,-0.041581654938155126,1.0718756538416594,1.028053750065683,558
Ebadot Hossain,0.11737707555859633,0.004420714908472505,-0.04207283512518045,1.124543387579472,1.00443050068335,559
RJW Topley,0.09516484048812655,0.01593313355204191,-0.04234370253073679,1.0998401383695533,1.0160607427618003,560
Mohammad Zahid,0.05761106771231334,0.03488981523277547,-0.04246356605928809,1.0593029184729759,1.0355056055694105,561
AB Agarkar,0.05252093138350716,0.03756790883746454,-0.04255224968614541,1.0539246219481144,1.0382825032455574,562
DW Headley,0.05531565943701219,0.03639890728296331,-0.04270449133431294,1.0568741743339607,1.037069458548962,563
SW Masakadza,0.11072199089458955,0.00943304484666506,-0.043196026862639895,1.1170843040732146,1.009477676240465,564
Mohammad Sami,0.0918101195176651,0.019250337983345335,-0.043436931828118586,1.0961566635628306,1.0194368204342519,565
Rehan Ahmed,0.17828562658976846,-0.023855163835433405,-0.043525099639633885,1.1951666438597623,0.9764271214761501,566
JC Adams,-0.050134259084477176,0.09048490737734785,-0.04361185189007285,0.9511017218818629,1.0947049855477038,567
Sohail Tanvir,0.016921281275954273,0.05714671312361992,-0.043738235841064704,1.017065257094656,1.0588111404904847,568
LM Jongwe,0.12801166265354824,0.0020427132973409685,-0.04403236308274339,1.1365662579982658,1.0020448010574716,569
WD Parnell,0.1883103584122032,-0.02773534907375123,-0.044279886754900244,1.2072081244117527,0.9726457443392941,570
C Sharma,0.08318035417969565,0.024919443673848515,-0.044339747175797556,1.0867377885772012,1.0252325282318824,571
ST Gabriel,0.12276749909889305,0.005318808618819912,-0.04446837211217763,1.130621519864125,1.0053329785927023,572
RD Berrington,0.04113933734304445,0.04654307975249488,-0.044741832282678064,1.041997284563906,1.0476432103066085,573
Hasan Mahmud,0.12268235488391546,0.005927307181160051,-0.044845656415411855,1.1305252580805045,1.0059449084251793,574
SS Cottrell,0.11738890913358443,0.008587364454998579,-0.0448545460145272,1.1245566950267134,1.0086243416388703,575
LB Williams,0.19047064036713618,-0.02793404764170135,-0.04486751502791116,1.2098188532786818,0.9724525002220715,576
NG Cowans,-0.009563012809121007,0.07280803278608348,-0.04535101758768199,0.9904825673874906,1.075524051740433,577
AB Dinda,0.14121785454824812,-0.002404727641501989,-0.045469466421748046,1.1516755184069116,0.9975981613997631,578
AJ Tye,0.16470818660178216,-0.013166316521564927,-0.04612518451955077,1.179049006208346,0.9869199802716608,579
Ata-ur-Rehman,0.0053215549728809885,0.06700143230423222,-0.04644147319378181,1.0053357395968023,1.069297009732136,580
KSC de Silva,0.033753278003451015,0.053148594108552015,-0.04668348874018502,1.034329383434242,1.0545863387940935,581
RMS Eranga,0.09074820080829187,0.024860309420670693,-0.04682293988321109,1.094993252126903,1.0251719036645037,582
M Zondeki,0.11547380585917895,0.01278136698235302,-0.047012179941294995,1.1224051137256092,1.0128633977692905,583
DJG Sammy,-0.03486424026543691,0.08819012283962835,-0.047172001804606595,0.9657365154913675,1.092195753647929,584
LE Plunkett,0.1091885675419497,0.016299118285065237,-0.047262268037360056,1.115372653592287,1.0164326735378169,585
Danish Kaneria,-0.013770618049423875,0.07804007076529525,-0.047436507827055545,0.9863237631853002,1.0811659809503666,586
Mohsin Kamal,0.09202938410114558,0.025171659349102066,-0.047457567599783236,1.0963970382489607,1.0254911405579525,587
BC Fortuin,0.03503247203491967,0.05438625749021044,-0.04793499567178019,1.0356533380249726,1.0558923697350355,588
DAJ Bracewell,0.09270128057431103,0.025892657603750906,-0.04816219859393761,1.0971339510889955,1.0262307844894032,589
DR Gilbert,-0.011544118469260744,0.07815747232869297,-0.0482569420627084,0.9885222591969436,1.0812929189780385,590
MR Gillespie,0.1292735246092743,0.008704724610328757,-0.04889432460997727,1.138001352974848,1.008742720894643,591
DT Christian,0.06453942879384789,0.04163425248609496,-0.04926931125534593,1.0666676348338011,1.0425131124340372,592
AU Rashid,0.10443109784039516,0.023106048429414414,-0.050214398233074664,1.1100789043972574,1.0233750611107777,593
JG Bracewell,-0.10427845895865816,0.12794236444814286,-0.050535423312542516,0.9009743781003562,1.1364874987252318,594
R Ravindra,0.028380878595081607,0.0618981315022475,-0.050725713866525544,1.0287874529282786,1.0638539660025936,595
AJ Traicos,-0.13647684022333928,0.14441459311521906,-0.05078411533569962,0.8724265252291271,1.155363014793945,596
GB Hogg,0.03447143596466398,0.058975833923092545,-0.05080770127028302,1.0350724621074674,1.0607496062738533,597
KTGD Prasad,0.14910239901452,0.00275806553868106,-0.05153951003062737,1.1607918470647203,1.0027618725005845,598
S Mahmood,0.12130419452798058,0.017225793775903716,-0.05191859402659601,1.128968286113388,1.0173750133386361,599
SA Thomson,-0.07077524775334264,0.11333889717639276,-0.05196751553314762,0.9316712638080199,1.1200114373521146,600
PW Borren,-0.031818938834033875,0.09395873222371866,-0.05203284187113447,0.9686819568864992,1.0985144117347745,601
GA Hick,-0.07810670052752085,0.11723756045563735,-0.05212280679458462,0.924865737616463,1.12438650773678,602
DBL Powell,0.024500877808630778,0.06600379639856623,-0.052169490201921076,1.0248034906881527,1.0682307725880689,603
JP Behrendorff,0.08399253124081428,0.03645996044529415,-0.05230415071046753,1.08762077060087,1.0371327768518346,604
UWMBCA Welegedara,0.12241356643511006,0.017359191227555085,-0.05237731629674008,1.1302214267850503,1.017510737625225,605
HH Pandya,0.10483634175632324,0.026649526779446597,-0.052711798438405476,1.1105288482818179,1.0270078009501444,606
SN Thakur,0.2000918434380185,-0.020162543008681692,-0.05325558580688503,1.221514941140241,0.9800393618131257,607
UT Yadav,0.1716199021144109,-0.0056658172605361,-0.0534294225311129,1.1872264851643939,0.9943502032114431,608
AF Milne,0.0900172686936232,0.035828682839442565,-0.05389154479083611,1.0941931788288326,1.0364782647666604,609
DN Patel,-0.10609839303477245,0.13415705951147994,-0.054071908662729144,0.899336155308858,1.1435724144654982,610
UC Hathurusingha,-0.15277698025940584,0.1582187933455047,-0.05455353547720119,0.8583211230216792,1.1714224661117683,611
D Wiese,0.03940148247252855,0.0627490118176131,-0.05496650203591825,1.0401880170853655,1.064759563623646,612
Akram Raza,-0.15584983496086774,0.16148001318942737,-0.055703397139329,0.855687675097036,1.175248968445126,613
Aizaz Khan,0.08326841346298072,0.041922384437079026,-0.055704394112379596,1.086833490141626,1.0428135370499363,614
JB Little,0.10968237077025912,0.029898825124190228,-0.056493340339546526,1.1159235642189271,1.0303502831178881,615
E Otieno,0.05584452381580892,0.056927922041630045,-0.05656678929968967,1.057433265266244,1.0585795073959856,616
AAP Atkinson,0.20648910631645498,-0.01815899381275872,-0.05672370623031251,1.229354341946951,0.9820048872444055,617
CB Sole,0.11504961429600648,0.027932615855452182,-0.056971615335636945,1.1219290999135645,1.0283263891926997,618
ALF de Mel,0.07062152214291287,0.05111787995512526,-0.05761909401772113,1.0731749760297153,1.0524469483703018,619
MD Shanaka,0.10612814542289471,0.03355514243904365,-0.05774614343366067,1.1119643605202214,1.0341244662994287,620
Yasir Shah,0.04707742033729852,0.06339009214053319,-0.05795253487278831,1.0482031581803835,1.0654423788748515,621
IE O'Brien,0.14446256772660937,0.015020895713652322,-0.05816811971797134,1.1554184442151865,1.0151342763492583,622
IG Butler,0.13556862641741427,0.02007706697642296,-0.0585742534567534,1.1451877832726503,1.0202799668891027,623
RP Burl,0.09282212516713699,0.042757054925235384,-0.05944541167253592,1.0972665418058645,1.0436843060860164,624
M Pathirana,0.22178235071048544,-0.021451954769235965,-0.05962614705733784,1.2482996567620082,0.9787765018823885,625
CS Martin,0.04618756182035749,0.06636238542395781,-0.059637444222757706,1.0472708205584014,1.068613897107723,626
KS Williamson,0.06800523999495064,0.05568862591974877,-0.05979416394481606,1.070370917202281,1.0572684264943077,627
Muhammad Jawadullah,0.11614346666542928,0.03195440794147317,-0.06001742751612521,1.123156996164008,1.0324704317796842,628
CD McMillan,0.030264359394146293,0.07508608916316767,-0.060145512573493876,1.030726980300097,1.0779769490235727,629
Naseem Shah,0.11788038452170758,0.03130548071576104,-0.060163781984409886,1.1251095228043635,1.0318006509497715,630
AD Mascarenhas,-0.03348806558322928,0.1074043810240589,-0.06044023215496284,0.9670664525366229,1.1133843949808666,631
Sikandar Raza,-0.014530810330343003,0.09817519955941584,-0.06060652959616289,0.9855742523962925,1.1031560406311578,632
MG Bracewell,0.04504029779328098,0.06871054538037528,-0.06082046285134385,1.0460700133725218,1.071126121868238,633
MR Marsh,0.0907788539774193,0.046250137702872805,-0.061093043127721645,1.0950268176546962,1.0473363565046938,634
Sohail Khan,0.1070851286766994,0.03823837464701901,-0.06118729265691247,1.1130290011324342,1.0389788695834663,635
AP Gurusinha,-0.016451037398431186,0.10039234308204957,-0.06144454958855599,0.9836835419169142,1.1056046093121519,636
D Bishoo,0.016347682666083906,0.08401315375492509,-0.06145799672531136,1.0164820371601015,1.0876432003068366,637
MW Forde,0.13062305224842624,0.028300459160525343,-0.062407990189825645,1.1395381539985703,1.0287047217496774,638
Rahat Ali,0.08168327243507949,0.05280810318482775,-0.06243315960157833,1.0851120704928081,1.0542273228417556,639
HK Olonga,0.11242559670659825,0.0381033763000509,-0.06287744976890002,1.118988997348743,1.0388386186205747,640
Mohammad Irfan,0.018967341263649847,0.08484009513181626,-0.06288251050909412,1.019148363976173,1.0885429894576288,641
AD Mathews,-0.06801735629851796,0.12838577260018008,-0.06291806296728074,0.9342442584142586,1.136991538286222,642
Mohammad Saifuddin,0.14289247681057632,0.023918210414992255,-0.06357629921352027,1.1536057556270345,1.024206545036514,643
BE Hendricks,0.1271818789631763,0.031871132328923336,-0.06364138120700764,1.135623545032365,1.032384455751941,644
Shoaib Malik,-0.002122224677706238,0.09685323523885155,-0.06386141526666562,0.9978800256489041,1.1016986712128551,645
OF Smith,0.18861723799422642,0.001510614536288853,-0.06387948902226805,1.207578648786662,1.0015117560891706,646
NAM McLean,0.03436954189007332,0.07869160511330438,-0.06391758403889403,1.0349669997298936,1.0818706272485614,647
HK Bennett,0.14335900776253344,0.024527075927504634,-0.06413771987251424,1.1541440739797133,1.0248303389635098,648
R Vinay Kumar,0.10298847123078717,0.044872671456754075,-0.0642446047147651,1.1084786296080436,1.045894679184154,649
Gulbadin Naib,0.08180330296230708,0.05551142599655203,-0.06427538498513705,1.0852423248838254,1.0570810952083693,650
TL Best,0.10513365249412827,0.04394208376594934,-0.06433927334200899,1.1108590695197817,1.0449218351983525,651
BV Vitori,0.09602776973613972,0.04864763117877299,-0.06444101069789523,1.100789632207173,1.0498503510250194,652
HR Walsh,0.08153865588790121,0.057190138309963674,-0.06530631083594285,1.0849551566783124,1.0588571205599027,653
MH Yardy,-0.06429575679773379,0.13066081342927463,-0.06567529002027182,0.9377276191963916,1.1395811851173347,654
CJ Jordan,0.09556506270239692,0.050875805653328283,-0.0657722246696845,1.1002804069218257,1.0521922088442872,655
D Madushanka,0.1924478404772029,0.002661355782814129,-0.06592351734761039,1.212213273592553,1.002664900333855,656
GI Hume,0.14457803345210105,0.02854847990832691,-0.06722499775625163,1.1555518631466029,1.0289598935066697,657
M Prasidh Krishna,0.26141225635486687,-0.028060413552318548,-0.06843047641674325,1.2987629783743282,0.9723296231402497,658
C de Grandhomme,-0.040629312007084806,0.1237599207366004,-0.06896350982203867,0.9601849930345325,1.1317441300836937,659
BA Carse,0.21138332141338767,-0.0022338221159957155,-0.06897189239379875,1.2353858141484524,0.9977686710078832,660
Wahab Riaz,0.10585158644854782,0.05072358442870297,-0.06909958510198459,1.1116568793174686,1.0520320550474285,661
DK Liyanage,-0.042016873493080906,0.12532198983894113,-0.06954236872826712,0.958853601226378,1.1335133741020056,662
NO Perry,0.0247151678119495,0.0925857695062483,-0.0699622356081487,1.0250231193628476,1.0970072272936386,663
Mehidy Hasan Miraz,0.033180249205581644,0.08931747591853312,-0.07060506701421597,1.033736852695854,1.093427738203882,664
XJ Doherty,0.009121003149214648,0.10177246611758844,-0.07088864512813052,1.0091627262541523,1.1071315331306633,665
S Sreesanth,0.14973059149905868,0.031594880316593035,-0.07097345071074825,1.161521276866332,1.0320992968582137,666
DM de Silva,0.006996920838290013,0.10328283771677249,-0.07118753209061167,1.0070214564801647,1.1088049765974828,667
TT Bresnan,0.045104147477394406,0.0846246463281307,-0.0714511467112186,1.0461368067447814,1.0883084894350719,668
L Balaji,0.08892805872516489,0.06302502251583604,-0.07165936791894566,1.0930020215389937,1.0650534892156793,669
CBRLS Kumara,0.18510836998129432,0.01656543984298966,-0.07274641655575788,1.2033488399531307,1.0167034075205066,670
FH Edwards,0.109485405899196,0.05449686405322651,-0.072826378001883,1.1157037881227803,1.0560091648199992,671
NN Odhiambo,0.08506986478096787,0.06735619503365724,-0.07326075161609412,1.0887931323349231,1.0696764237548724,672
Syed Rasel,0.06383160926809947,0.07902131048590331,-0.07395807674663536,1.0659128937961146,1.0822273846160009,673
Mosaddek Hossain,0.0017725206455518627,0.11018906313524889,-0.0740502156386832,1.0017740924888423,1.1164891374425459,674
TM Dilshan,-0.021723698674062323,0.12218271283086109,-0.07421390899588662,0.9785105614692944,1.1299605412094238,675
CJ Anderson,0.0836919544678242,0.0703285586458507,-0.07478302391984187,1.0872939061857922,1.072860620985303,676
CH Morris,0.18066248185935121,0.023825066635008874,-0.07610420504312299,1.1980107606833073,1.0241111510101746,677
Nahid Rana,0.18539937899375347,0.021534765517297955,-0.07615630334278313,1.20369907626918,1.0217683120238397,678
Umran Malik,0.26445978371198486,-0.017583141440077336,-0.0764311669439434,1.3027270312932078,0.982570539939302,679
Jasdeep Singh,0.10840142679530158,0.06114176727248015,-0.07689498711342063,1.114495043775484,1.0630496091487363,680
M Amarnath,-0.09267802624798663,0.1618066330867878,-0.07697841330852966,0.9114869279217029,1.1756328908375056,681
GF Labrooy,0.01572414985915453,0.10932345838127551,-0.07812368887390185,1.0158484248218465,1.1155231172935505,682
PVD Chameera,0.12521663495674265,0.05460209459598615,-0.07814027471623831,1.1333939592245872,1.056120295084619,683
MF Maharoof,0.019869704919972773,0.10772714494604657,-0.07844133160402197,1.020068421471018,1.1137438132953827,684
N Madziva,0.15517704376807806,0.04048940568288843,-0.07871861837795165,1.1678647059712906,1.0413202775668433,685
AM Blignaut,0.09764294488213095,0.06926714278658852,-0.07872574348510265,1.1025690369003553,1.071722473837981,686
V Sehwag,0.010393198836756245,0.11401659466647687,-0.07947546272323666,1.0104473957247329,1.1207707235461877,687
RP Arnold,-0.07823958931510845,0.15868540652840593,-0.07971040791390115,0.924742841495849,1.1719691948226947,688
IS Sodhi,0.11524243811526627,0.06255020397551671,-0.0801142820220999,1.122145455426126,1.0645479021131319,689
Faheem Ashraf,0.037353065922960206,0.10183787986508358,-0.08034294188437578,1.038059459567016,1.1072039571219519,690
SA Abbott,0.1552036040911982,0.04441481001890199,-0.08134440804300073,1.1678957252471809,1.0454159139549328,691
Pramod Madushan,0.21711506309451636,0.013924863188818543,-0.08165492982405115,1.2424870583189427,1.014022265676559,692
BP Julian,0.036792753163757984,0.10610515104458901,-0.08300101841764533,1.0374779845261652,1.1119387918850219,693
GW Flower,-0.08921438176863819,0.169405784820251,-0.08319906262395461,0.9146494683837981,1.1846007344042788,694
AM Hardie,0.1061147596550668,0.07227109138947246,-0.08355231414467057,1.1119494761230784,1.07494671336631,695
CZ Harris,-0.1244318797491408,0.1884407264291132,-0.08414985770302852,0.8829984093908716,1.2073655160001218,696
Mohammad Nadeem,0.062271910945002285,0.09578002536507377,-0.08461065389171661,1.0642516870705276,1.1005169515510096,697
BM Tickner,0.22181512694379263,0.017250084218156703,-0.08543843179336869,1.2483405719933154,1.0173997261277883,698
RK Kleinveldt,0.10238468880728094,0.07781865252134038,-0.08600733128332057,1.1078095517037194,1.0809266175781276,699
Mashrafe Mortaza,0.032977649785124546,0.11487263391609358,-0.08757430587243724,1.0335274394228127,1.1217305580447523,700
SJ Benn,-0.05106257263914937,0.1578213008810307,-0.08819334304097066,0.9502192109483754,1.1709569270390394,701
S Bau,-0.06647560597699731,0.16594249186945886,-0.0884697925873068,0.935685740717417,1.1805052111233783,702
TT Samaraweera,-0.036040635058722445,0.1519657874901565,-0.0892969799738635,0.9646010960645514,1.1641204082698786,703
KA Pollard,0.10112937518236671,0.08364262770313106,-0.08947154352954295,1.1064197757644938,1.0872402748178713,704
P Utseya,-0.046537234235952116,0.15765096358407418,-0.08958823097739875,0.954529018749581,1.170757486387808,705
TCB Fernando,0.07817323212713788,0.09610857899366435,-0.09013013003815552,1.0813099600707832,1.1008785897942923,706
KR Pushpakumara,0.046154879559139286,0.11355552868845678,-0.09108864564535095,1.0472365939391823,1.120254093405842,707
PDRL Perera,0.09073409475207761,0.09128259411051885,-0.09109976099103845,1.0949778061994753,1.0955785655666852,708
PR Stirling,-0.02091978405363424,0.149496406467018,-0.09269100962680059,0.9792975166959262,1.1612492978168476,709
SC Ganguly,0.01812912455019866,0.1300013699078867,-0.09271062145532401,1.018294454714506,1.1388299434156743,710
W Madhevere,-0.018874037285173895,0.14955685709005503,-0.09341322563164539,0.9813029620433252,1.1613194981822084,711
LS Livingstone,0.15182317213859725,0.0648749122481815,-0.09385766554498676,1.1639543986666363,1.067025544209541,712
WG Jacks,0.22576360219611158,0.03009942444541342,-0.09532081702897947,1.2532793577685093,1.0305569914173829,713
KK Ahmed,0.12160839771266689,0.0823970407794427,-0.09546749309051743,1.1293117741038552,1.0858868656180347,714
C Green,0.14502787299800698,0.07215957001954172,-0.09644900434569681,1.1560717930057298,1.074826840520549,715
SPD Smith,0.12307026662337783,0.08361549208626576,-0.09676708359863645,1.1309638871690588,1.08721077228262,716
JA Morkel,0.06962579516701649,0.1104298381904023,-0.09682849051594035,1.072106918591273,1.1167579925416937,717
KMA Paul,0.15595888633581415,0.06791840028202735,-0.09726522896662294,1.1687781493497031,1.070277970534899,718
RS Kalpage,-0.07412775961927513,0.18306071560580575,-0.09733122386411212,0.9285530546780589,1.2008873184684545,719
CAK Rajitha,0.14284517650064146,0.07459372490518712,-0.09734420877033856,1.1535511910077225,1.0774463223444717,720
L Sipamla,0.18676092216651624,0.052689487137362254,-0.09737996548041357,1.2053390807436295,1.0541022819796628,721
BA Murphy,-0.0285049806077576,0.1617050537043878,-0.09830170893367268,0.9718974534940854,1.1755134768396278,722
AD Russell,0.16630354011337686,0.06489242668813505,-0.09869613116321567,1.1809315074089222,1.067044232728023,723
GD Phillips,0.13424289031196318,0.08126842249397327,-0.09892657843330326,1.1436705724136698,1.0846620051755103,724
SM Curran,0.12547275475276962,0.086886901047657,-0.09974885228269455,1.133684281031236,1.0907733074234574,725
TM Head,0.12955175346494577,0.0852984309880914,-0.10004953848037619,1.138318021840204,1.0890420220943338,726
Mohammad Akram,0.025133750877961752,0.137834692500613,-0.10026771195972926,1.0254522664934789,1.147785796990858,727
PD Collingwood,0.06294528658429882,0.11935123857069709,-0.100549254575231,1.0649685695691984,1.1267656123359666,728
DJ Capel,-0.024235822893316782,0.1642764551660493,-0.10143902914626061,0.9760555063818104,1.178540083554955,729
BS Sandhu,-0.06890068621350849,0.18665476998220581,-0.10146961791696772,0.9334193768877934,1.2052111381581865,730
JP Duminy,0.07405454470629538,0.11562614683841618,-0.10176894612770926,1.0768655412090091,1.1225761150446585,731
BA Stokes,0.11597099484991999,0.09471125708315933,-0.10179783633874621,1.1229632999418273,1.099341382256971,732
MP Stoinis,0.1480056079249373,0.08050324490479964,-0.10300403257817886,1.1595193988424932,1.0838323635693834,733
SI Mahmood,0.1735753142719141,0.06806820834847392,-0.10323724365628732,1.1895502735087407,1.0704383188186586,734
GS Blewett,-0.009812767335382201,0.16035739886577544,-0.10363401013205621,0.9902352207723569,1.1739303574035964,735
C Campher,0.10506174021518863,0.10425226703463948,-0.10452209142815587,1.110779187984778,1.1098804058416891,736
Mahmudullah,0.03179981308002374,0.14345014177879373,-0.10623336554587039,1.032310829493497,1.154249260557483,737
WP Masakadza,0.020315306542580354,0.14921038820645777,-0.1062453609851653,1.0205230669026444,1.1609172068069196,738
M Mbangwa,-0.13389724481850107,0.2265129602609756,-0.10637622523448337,0.874679937881553,1.2542188647323769,739
MV Nagamootoo,-0.08965490570278582,0.2050435870874864,-0.10681075615739566,0.9142466321376382,1.22757857037164,740
SC Williams,-0.022959765701746373,0.17278609785617904,-0.10753747667020391,0.9773018040345275,1.188611831271265,741
Sharafuddin Ashraf,-0.05572951191239736,0.19091904399180737,-0.10870285869040579,0.9457949275557563,1.210361462082473,742
MM Ali,0.10028847353840682,0.1142217239040031,-0.10957730711547102,1.1054897766298457,1.1210006499716603,743
JW Dernbach,0.15287070125697036,0.08890258307546428,-0.1102252891359663,1.1651743136283674,1.092974176957052,744
PADLR Sandakan,0.11121720268041208,0.10977181189033487,-0.11025360882036062,1.1176376343828864,1.1160233781360975,745
A Ranatunga,-0.10239159417924741,0.2165913984334471,-0.1102637342292156,0.9026759997817034,1.2418365820852382,746
TJ Friend,0.05589030033820078,0.13816484990339847,-0.11074000004833258,1.0574816719917266,1.1481648095320018,747
Naved-ul-Hasan,0.14538975831700016,0.09407056496556611,-0.11117696274937745,1.1564902341246028,1.098637268482973,748
GJ Maxwell,0.06844071180228056,0.1326353948736972,-0.11123716718322497,1.0708371350651085,1.1418336040403427,749
RR Sarwan,0.11562450188057255,0.11063286554239757,-0.11229674432178922,1.1225742684557918,1.116984747977738,750
Shafiul Islam,0.08746123606560902,0.12852790892401322,-0.11483901797121182,1.0913999566666346,1.1371531575694165,751
R Shepherd,0.15770000246472038,0.09475263699204554,-0.11573509214960383,1.1708149004321975,1.099386873844416,752
C Karunaratne,0.10406610564232938,0.121625779574367,-0.11577255493035447,1.1096738081908897,1.1293314038155289,753
RL Chase,0.0391225925450951,0.15452159746814942,-0.11605526249379798,1.0398979595737026,1.1670994841792361,754
TK Curran,0.15652587713923488,0.10053314609177708,-0.11919738977426302,1.1694410237156998,1.1057602927288013,755
O Thomas,0.2183816086445842,0.0697837835436218,-0.11931639191060928,1.244061721754659,1.072276312403663,756
LJ Wright,0.054838636703401694,0.15179470436362513,-0.11947601514355066,1.0563701415533426,1.1639212639463752,757
YK Pathan,0.09302466073015611,0.13356186183211655,-0.1200494614647964,1.0974887998095064,1.1428919653391827,758
JDS Neesham,0.1844706158422423,0.08825608217854894,-0.12032759339978005,1.2025816439169543,1.092267796533736,759
NG Smith,0.2826296138622132,0.040658539465571936,-0.12131556426445235,1.326613711480649,1.04149641489934,760
CR Brathwaite,0.1141742250828681,0.12837872119449514,-0.12364388915728614,1.120947405026841,1.136983520925892,761
NB Mahwire,0.14212528181006345,0.11531188546252354,-0.12424968424503684,1.1527210544713,1.1222233881573218,762
E Chigumbura,0.1225261405420367,0.12549072069876885,-0.12450252731319146,1.130348667614677,1.1337046489247729,763
Khaled Mahmud,-0.01096913334603331,0.19339556244723904,-0.12527399718281493,0.9890908082279145,1.213362659307324,764
N Pradeep,0.16091215910719087,0.10795657793261931,-0.12560843832414317,1.1745817879692566,1.113999372180442,765
CB Mpofu,0.09791640069843895,0.1421379811158149,-0.12739745431002292,1.1028705820441345,1.1527356933213684,766
B Mavuta,0.08740516671822075,0.1479987101245059,-0.12780086232241086,1.0913387642988488,1.1595114007366685,767
SR Tendulkar,0.048214896696143456,0.1679604309736483,-0.12804525288114668,1.0493961428593859,1.1828898039239462,768
PKD Chase,0.22966646138288177,0.0847426939377559,-0.1330506164194645,1.258180288223251,1.0884369692340017,769
CJ Chibhabha,0.10573319432527487,0.14929486676082326,-0.13477430928230713,1.1115252756897454,1.1610152835569214,770
MN Samuels,0.021604242029944553,0.19416965398296285,-0.13664784999862342,1.0218393033889797,1.2143022766996725,771
Enamul Haque,-0.047684300353389344,0.2290402146902617,-0.13679870967571137,0.9534347385798997,1.2573926036472047,772
S Prasanna,0.007927869915889656,0.20641101712731758,-0.14024996805684162,1.007959378687366,1.2292583464113815,773
Manjural Islam,-0.014209532349042394,0.21750160547918898,-0.1402645595364452,0.9858909465732331,1.2429674250644627,774
SK Raina,0.037321923415211726,0.19361169161968778,-0.14151510221819577,1.038027132295632,1.2136249307159903,775
Soumya Sarkar,0.1700343620353342,0.1272890445709159,-0.14153748372572197,1.1853455815073304,1.1357452513409807,776
DT Tiripano,0.06296396441633703,0.19145538441839924,-0.1486249110843785,1.064988461059031,1.2110108019834307,777
Mushfiqur Rahman,-0.008376454119574222,0.22860753395160496,-0.1496128712612119,0.9916585306213938,1.2568486717695864,778
Mohammad Hasnain,0.13770601554704995,0.1592246522879855,-0.1520517733743403,1.1476381129131306,1.1726013446681043,779
Tapash Baisya,0.11680521575436945,0.173151047370628,-0.15436910349854183,1.123900490259094,1.18904569374609,780
Noor Ahmad,0.06581618380439293,0.20308306067279722,-0.15732743504999577,1.068030377840525,1.225174227816988,781
M Labuschagne,0.18613469373704575,0.1447881160477161,-0.158570308610826,1.2045844994389086,1.155794649983132,782
JE Root,0.08276298391501336,0.19968060840625557,-0.16070806690917483,1.0862843111793161,1.2210127146782577,783
Mohammad Ashraful,0.18260934514905855,0.15348513707004355,-0.16319320642971522,1.2003453957241745,1.1658904584451144,784
Shahadat Hossain,0.16754113823991,0.16544069268987915,-0.16614084120655612,1.1823939307896134,1.1799129831791222,785
Anwar Ali,0.11052723433323029,0.20206315293270752,-0.1715511800662151,1.1168667657595994,1.223925300142842,786
NLTC Perera,0.18436888086442751,0.1666791085393714,-0.1725756993143901,1.2024593055232424,1.1813751112929591,787
I Udana,0.14123562876990955,0.18987755428643735,-0.17366357911426142,1.1516959887247793,1.209101539292132,788
VR Aaron,0.2751891595848462,0.13393698095184714,-0.18102104049618015,1.3167797328186235,1.1433207663878757,789
Salman Agha,0.11549788090717297,0.22391664192321376,-0.1877770549178668,1.1224321360078708,1.2509667369007156,790
Mohammad Sharif,0.08807729704319273,0.24054293597293228,-0.18972105632968575,1.0920725327435392,1.271939544618664,791
Rubel Hossain,0.16187824515191437,0.21254065401742941,-0.19565318439559107,1.175717083351213,1.2368163940984676,792
AK Markram,0.11530617612622458,0.24197994635932202,-0.1997553562816229,1.1222169810248865,1.2737686488612798,793
ML Nkala,0.024037740021816124,0.3080405374318072,-0.2133729382951435,1.024328975359027,1.360756149378723,794
Naimur Rahman,-0.02239010612597793,0.33892238325959206,-0.2184848867977354,0.977858691968824,1.403434410980864,795
