player_name,psi_log_econ,psi_log_avg,psi_combined,rank
IG Holland,-0.21114195123584595,-0.24105562107942224,0.23108439779823012,1
BJ Currie,-0.11281275606212479,-0.2709504483092183,0.21823788422685378,2
GJ Gilmour,-0.0273301561736113,-0.28470043270375767,0.19891034052704223,3
J Garner,-0.1621302043013106,-0.21192250196949933,0.19532506941343641,4
JA Snow,-0.19779587625785747,-0.19229725708857492,0.19413013014500244,5
AG Hurst,-0.18948395895559245,-0.178487922674996,0.18215326810186147,6
AH Gray,-0.0660872082152509,-0.23900573005387035,0.18136622277433054,7
AC Botha,-0.10365689408156145,-0.2137989816420775,0.1770849524552388,8
M Hendrick,-0.19252654321304688,-0.16816431736830584,0.17628505931655283,9
GG Arnold,-0.18506491471509007,-0.16663301723863136,0.1727769830641176,10
JJ Bumrah,-0.15946825554526656,-0.17417562730445835,0.16927317005139442,11
CEL Ambrose,-0.15153081109401864,-0.1628465651421394,0.15907464712609917,12
S Lamichhane,-0.050281141661888774,-0.21000210512187992,0.15676178396854953,13
ST Clarke,-0.154970671476684,-0.15515627870685725,0.15509440963013285,14
Shakeel Ahmed,-0.13419978290531556,-0.165277616477941,0.1549183386203992,15
DL Underwood,-0.18948881478349314,-0.13665443976310687,0.15426589810323563,16
Sir RJ Hadlee,-0.12238741001199595,-0.16892510317240483,0.15341253878560188,17
RL Johnson,-0.044179330053517256,-0.20715630574900729,0.15283064718384395,18
AY Patel,-0.08427894961789342,-0.18249562826952165,0.14975673538564557,19
CEH Croft,-0.07864622985768494,-0.1850280404997065,0.149567436952366,20
Saeed Ajmal,-0.12442112138975621,-0.1566620043192827,0.14591504334277386,21
Kuldeep Yadav,-0.019625137594142736,-0.20796241028434248,0.14518331938760923,22
GD McGrath,-0.136865148576346,-0.14346303742188732,0.14126374114004023,23
MA Holding,-0.10146795790000145,-0.15664518348333564,0.13825277495555757,24
JA Duffy,-0.08542532625105836,-0.1633807193871207,0.1373955883417666,25
VD Philander,-0.09648280589515427,-0.1560992497136354,0.13622710177414168,26
PP Ojha,-0.1138440101680282,-0.14277958218815107,0.13313439151477677,27
DK Lillee,-0.08161940110082169,-0.15643211990687866,0.13149454697152632,28
AME Roberts,-0.09449511525977386,-0.14882715987576445,0.1307164783371009,29
M Muralidaran,-0.12641801174420114,-0.13249316904952432,0.1304681166144166,30
A Mishra,-0.057240071930632255,-0.16341139716843228,0.12802095542249894,31
Rashid Khan,-0.056844158126831267,-0.16308245225405546,0.12766968754498073,32
XC Bartlett,-0.014779909011847768,-0.18320611056156857,0.1270640433783283,33
RJ Harris,-0.05607074642355362,-0.1624713243202312,0.1270044650213387,34
AIC Dodemaide,-0.11880176407403047,-0.13026938573897626,0.12644684518399432,35
AA Donald,-0.002136215734678311,-0.18852181413053676,0.12639328133191727,36
MHN Walker,-0.19153131330141293,-0.09241040749173368,0.12545070942829342,37
G Dymock,-0.1668017906980158,-0.10463555675017762,0.12535763473279035,38
GP Swann,-0.07063966537824962,-0.15266749492834017,0.12532488507831,39
BAW Mendis,-0.03337657874916724,-0.16917823999693277,0.12391101958101092,40
Ehsan Khan,-0.06080276251378277,-0.15380450270776308,0.12280392264310297,41
MD Marshall,-0.09650444483354804,-0.13536143120704075,0.1224091024158765,42
BM Scholtz,-0.12842338141937093,-0.11923486997396812,0.12229770712243572,43
AR Patel,-0.10124890501338481,-0.12853010666678089,0.11943637278231552,44
CM Old,-0.10647726628330667,-0.11738729314867437,0.11375061752688513,45
Kaleem Sana,-0.062173501645124515,-0.13944872996714797,0.11369032052647349,46
Asif Iqbal,-0.173278607309139,-0.0824212939149287,0.11270706504633214,47
RGD Willis,-0.10360845986233984,-0.11724834996772338,0.11270171993259553,48
TJ Murtagh,-0.14450716397219154,-0.09441944720477756,0.11111535279391556,49
SE Bond,-0.026987608022607513,-0.1531771655054674,0.11111397967784743,50
Wasim Akram,-0.06962102162956531,-0.13128980649471947,0.11073354487300141,51
SM Pollock,-0.10487099688368354,-0.11001759570955388,0.10830206276759709,52
TM Odoyo,-0.1488382144854807,-0.08752080765556046,0.10795994326553388,53
PS de Villiers,-0.11277011349592947,-0.10461139978006688,0.10733097101868776,54
JN Gillespie,-0.0795109146070203,-0.1183719651297522,0.10541828162217491,55
JR Hazlewood,-0.11038531420350967,-0.09995291902763158,0.1034303840862576,56
SR Clark,-0.08564992910054062,-0.1116967185727004,0.1030144554153138,57
Basil Hameed,-0.00012201653710149214,-0.15439292973557672,0.10296929200275164,58
Shabbir Ahmed,-0.09615432190879421,-0.10562965398388455,0.10247120995885443,59
DR Hadlee,-0.0734821317544768,-0.11685792646736519,0.10239932822973573,60
PW Hasaranga,-0.02824790996928712,-0.13783204305674457,0.10130399869425875,61
Junaid Khan,-0.032794116585715266,-0.13534871645574592,0.10116384983240238,62
TM Alderman,-0.0822885510967196,-0.11039877381324333,0.10102869957440208,63
CR Matthews,-0.12314512997930639,-0.08969251855367111,0.10084338902888286,64
Mujeeb Ur Rahman,-0.13191674709324835,-0.08457524714266336,0.1003557471261917,65
CG Rackemann,-0.08663945326943549,-0.10594507280930616,0.09950986629601594,66
DR Doshi,-0.12241943321702974,-0.08763752679127572,0.09923149559986039,67
Simranjeet Singh,-0.048387383421795736,-0.12365498748937931,0.09856578613351812,68
LS Pascoe,-0.014478806718103471,-0.13946700963805475,0.09780427533140433,69
Milind Kumar,0.018299948514633162,-0.15560864287267395,0.09763911241023825,70
K Gore,-0.09190018320903387,-0.100473270060834,0.09761557444356728,71
EJ Chatfield,-0.15655396988560932,-0.0668206251052315,0.09673174003202412,72
A Vala,-0.05613747140970191,-0.11632025138292494,0.09625932472518393,73
SK Warne,-0.07528873526954381,-0.10670649058599559,0.09623390548051165,74
JC Tredwell,-0.1135552073867688,-0.08648533424811432,0.09550862529433247,75
SP Narine,-0.13243342113256268,-0.07493797630956864,0.09410312458389998,76
Saqlain Mushtaq,-0.02090462814642163,-0.13047492753329143,0.09395149440433483,77
Sarfraz Nawaz,-0.11909482632432636,-0.08057043589167107,0.09341189936922283,78
MG Erasmus,-0.035599783393629666,-0.12226113466905002,0.09337401757724323,79
P Kumar,-0.09120826243902401,-0.09278659876800519,0.0922604866583448,80
Hamid Hassan,-0.05802104794049914,-0.10924956018331475,0.09217338943570956,81
AL Phehlukwayo,0.04462860169341776,-0.15756830249746445,0.09016933443383705,82
HJ Howarth,-0.15425191107123115,-0.05805260254390579,0.09011903871968091,83
RA Harper,-0.13075071886658582,-0.06951941157809555,0.08992984734092564,84
PJ Cummins,-0.08250504759686739,-0.09350253940005215,0.08983670879899057,85
NK Patel,-0.09522935256171584,-0.08684740182021097,0.08964138540071259,86
CA Walsh,-0.14747434530302955,-0.06017393752277392,0.0892740734495258,87
B Kumar,-0.08646664909255015,-0.08949529710888039,0.08848574777010365,88
Amir Hamza,-0.11338854201978668,-0.07524991648169627,0.08796279166105973,89
JJ Smit,-0.002467121639768696,-0.12846044510555457,0.08646267061695928,90
RO Collinge,-0.08680563408776289,-0.08499170133561665,0.08559634558633206,91
R Ashwin,-0.06196135533272598,-0.09587945748686112,0.08457342343548274,92
CV Varun,0.06603049684032966,-0.1582425298202754,0.08348485426674039,93
VA Holder,-0.10223513244677036,-0.07363278039434153,0.08316689774515114,94
HMRKB Herath,-0.07755018189900274,-0.08592605648413591,0.08313409828909152,95
RK Paudel,-0.023923144391203396,-0.11154780312134682,0.08233958354463235,96
Aamir Kaleem,-0.03563744276771335,-0.10401901035129262,0.08122515449009952,97
KJ Abbott,-0.10028015628974453,-0.06867713539582307,0.07921147569379688,98
ARC Fraser,-0.10927357283698609,-0.0632756712156175,0.07860830508940703,99
MJG Rippon,-0.0018495148587179939,-0.11675625549582999,0.07845400861679265,100
P Lever,-0.12569602497646898,-0.052600821648307525,0.07696588942436135,101
GR Larsen,-0.17194961825667374,-0.02831382127584627,0.07619242026945543,102
AA Mallett,-0.08664917078181004,-0.07022809754978933,0.07570178862712956,103
Abrar Ahmed,-0.03506624216705977,-0.0939184314380788,0.0743010350144058,104
T van der Gugten,-0.09158749375234876,-0.06483698282927741,0.07375381980363453,105
TA Boult,-0.018608506902140984,-0.10072276458691964,0.0733513453586601,106
Washington Sundar,-0.08020641795228263,-0.06977617722980867,0.07325292413729999,107
PR Reiffel,-0.12859176045175544,-0.04531092021865152,0.07307120029635282,108
Shakib Al Hasan,-0.033173286583717605,-0.09297886861868514,0.07304367460702929,109
Mohammad Amir,-0.0784532221167344,-0.0692939994715185,0.07234707368659048,110
DE Bollinger,0.0017044404872485533,-0.10893323957033911,0.07205401288447656,111
Aayan Afzal Khan,-0.11156961712996002,-0.05083566140435447,0.07108031331288965,112
IR Bishop,-0.015711420223886097,-0.09871989786890786,0.07105040532056728,113
Jalal-ud-Din,-0.04810988038367683,-0.08223196809871496,0.07085793886036891,114
Al-Amin Hossain,-0.043575570742233484,-0.08442968568064632,0.07081164736784204,115
WW Daniel,-0.014173867046809339,-0.09899443104151194,0.07072090970994441,116
G Miller,-0.1541550505506233,-0.028331837629960693,0.0702729086035149,117
Aqib Ilyas,-0.0011840330554513554,-0.10443499269704373,0.07001800614984628,118
JK Lever,-0.05135755595228177,-0.0783266682883897,0.06933696417635372,119
Taijul Islam,-0.0648763587679868,-0.07034225520131604,0.06852028972353963,120
N Kapil Dev,-0.07608484517138767,-0.06459217653913134,0.06842306608321679,121
AD Mullally,-0.07380983555688773,-0.0649623828983063,0.06791153378450011,122
Abdur Rehman,-0.08110791564139916,-0.060017599057339034,0.06704770458535908,123
SO Tikolo,-0.040538494995910175,-0.08024125241945598,0.0670069999449407,124
DW Fleming,-0.008209117726792036,-0.096199967235327,0.06686968406581535,125
Abdul Qadir,-0.038331046006200215,-0.0805270952923334,0.06646174553028901,126
Bilal Khan,0.03623900817451007,-0.11629759837170008,0.06545206285629669,127
TL Chatara,-0.13133429792063314,-0.03228811032878597,0.06530350619273502,128
Imran Khan,-0.05042032269508465,-0.07268143365268341,0.06526106333348382,129
KR Mayers,-0.08919124298505016,-0.05289654626191046,0.06499477850295703,130
Harmeet Singh,-0.017955212697292725,-0.08783714055249643,0.06454316460076186,131
BD Julien,-0.09478127142822522,-0.047930930174202496,0.06354771059221008,132
DW Steyn,0.004701317052633277,-0.09647527101526722,0.06274974165930039,133
M Theekshana,-0.13394239542883538,-0.02694463158968671,0.06261055286940294,134
CJ McDermott,-0.018817115710043405,-0.08430821938325268,0.06247785149218293,135
K Bhurtel,0.067220499451065,-0.12507213801855924,0.06097459219535115,136
K Klein,0.10041349463006427,-0.14026720236518941,0.06004030336677152,137
RM Hogg,-0.058473358977058486,-0.0603336527456818,0.05971355482280736,138
MG Johnson,0.020232802893782154,-0.09952651751646159,0.05960674404638034,139
Mohammad Hafeez,-0.08910445730145104,-0.044699539020351335,0.05950117844738457,140
L Ngidi,-0.0160343304156545,-0.08025694276267813,0.05884940531367025,141
WPUJC Vaas,-0.048784134331956365,-0.06359050209469436,0.05865504617378169,142
Waqar Younis,0.01342665759482859,-0.09455258037713725,0.05855950105314864,143
KD Boyce,-0.014051038002855494,-0.08024486410143074,0.058180255401905655,144
WJ Cronje,-0.12959429670355585,-0.021251038735271344,0.057365458058032844,145
SW Tait,-0.013981915079844951,-0.0780247799457772,0.05667715832379978,146
Khawar Ali,-0.022337585950909483,-0.07315123267315458,0.05621335043240622,147
LN Rajbanshi,-0.07374555792625358,-0.04683105054838905,0.055802553007677225,148
Junaid Siddique,0.038006748965229514,-0.10173298585191753,0.055153074246201854,149
GR Dilley,-0.04141802655255682,-0.06184006486317034,0.055032718759632504,150
Arshad Khan,-0.15080722655796566,-0.006902830917364322,0.054870962797564767,151
MA Starc,0.028718578754202334,-0.09632745235278672,0.05464544198379037,152
SLV Raju,-0.151159342792399,-0.006324307892887143,0.054602652859391095,153
WKM Benjamin,-0.052637288859920146,-0.055402697124769466,0.0544808943698197,154
JE Emburey,-0.11270942192809497,-0.024853792413759415,0.054139002251871265,155
B Muzarabani,-0.0788869363992315,-0.04092896496347817,0.05358162210872928,156
MJ Henry,-0.028467331683623264,-0.06611188631001505,0.053563701434551116,157
KV Morea,0.028119623923722647,-0.09431923563981638,0.05350628245197004,158
Umar Gul,-0.00865630634636706,-0.07572887219506355,0.05337135024549805,159
CA Soper,-0.06027498645649584,-0.04939323664311519,0.05302048658090874,160
WB Rankin,-0.028869794745030715,-0.0650936864957859,0.05301905591220083,161
JC Archer,-0.07641678415002907,-0.040872041033894066,0.052720288739272404,162
GT Main,0.08202239947468001,-0.11959640087260133,0.05239013409017421,163
A Kumble,-0.07460923703490839,-0.04127054065216849,0.052383439446415124,164
MS Kasprowicz,-0.02055425502935141,-0.06780435913369673,0.052054324432248285,165
Nadeem Ahmed,-0.04503702714722291,-0.054975694551377324,0.051662805416659185,166
SN Netravalkar,-0.021969003756172757,-0.06647543206712307,0.05163995596347296,167
BL Cairns,-0.10069685314697548,-0.02690133927761083,0.051499843900732374,168
GS Chappell,-0.14553547045049287,-0.003835951873887843,0.05106912473275618,169
BV Sears,-0.003956626058199407,-0.07416368802422117,0.05076133403554725,170
K Rabada,-0.035408094432774054,-0.058253457232515016,0.050638336299268026,171
RM Haq,-0.028187554119698418,-0.06164107861886849,0.0504899037858118,172
RJ Sidebottom,-0.015940791501179028,-0.06701536699536217,0.04999050849730113,173
Imran Tahir,0.01812889949162933,-0.08399390059653461,0.049952967233813296,174
SCJ Broad,-0.04358246050979707,-0.053123739637236767,0.04994331326142354,175
DL Vettori,-0.0912186516238697,-0.029126993701988794,0.049824213009282435,176
JA Richardson,-0.05537485135388445,-0.04672862670209743,0.049610701586026436,177
H Thaker,-0.05497713320889157,-0.04591028278439627,0.04893256625922804,178
RP Singh,0.011552864701174927,-0.0791257195767182,0.04889952481742049,179
GH O'Brien,0.017397511398764817,-0.08202072764717268,0.048881314631860184,180
VJ Marks,-0.0812244335556445,-0.03228464394106325,0.048597907145923665,181
IT Botham,-0.04589571235096957,-0.049914870115293844,0.048575150860519084,182
GF Lawson,-0.06264047847963025,-0.04119919288165516,0.04834628808098019,183
Mudassar Bukhari,-0.04336980158623296,-0.04794265361264786,0.046418369603842886,184
RJ Trott,-0.008980042527201422,-0.06505790895134986,0.04636528680996704,185
BA Reid,-0.019964605595874766,-0.05898778421622677,0.04598005800944277,186
MJ Humphreys,-0.05797041631182932,-0.03890353992419409,0.045259165386739166,187
N Burger,0.09840205320640563,-0.11651730675312988,0.04487752009995138,188
DS Lehmann,0.00759764834138028,-0.07063009650023355,0.04455418155302895,189
PH Edmonds,-0.13233949960737665,0.00020099233269555686,0.04397917164732851,190
W Watson,-0.11497611683840518,-0.008475588779829653,0.04397576479935483,191
RD King,-0.007022183044436762,-0.0622750201058461,0.04385740775204299,192
AR Cusack,-0.009357330574090564,-0.06095498551765932,0.0437557672031364,193
A Nel,-0.03771265402245837,-0.046651192244666656,0.04367167950393056,194
NW Bracken,0.005573180016724947,-0.06751678118999413,0.04315346078775444,195
MG Hughes,-0.02660071818827975,-0.051371750229628525,0.04311473954917894,196
Arafat Sunny,0.00790548597667991,-0.06850758619306942,0.0430365621364863,197
Mustafizur Rahman,-0.04053161283065912,-0.043428391943095584,0.042462798905616765,198
HH Streak,-0.022381954989529843,-0.05231523077335354,0.04233747217874564,199
ST Finn,-0.03505022634915337,-0.045830650575079186,0.042237175833103914,200
SO Ngoche,-0.06228827194753962,-0.03174239548672144,0.04192435430699417,201
MR Whitney,-0.03187303621635821,-0.04685392867304185,0.0418602978541473,202
RD Jackman,-0.08249481048897143,-0.020413027742428033,0.041106955324609167,203
JNT Seales,-0.01913925551690337,-0.051434384684263694,0.04066934162847692,204
RN ten Doeschate,0.036093257395253896,-0.0784930230029394,0.040297596203541626,205
Saad Bin Zafar,-0.1119927124189734,-0.0036026313452198946,0.0397326583698044,206
A Flintoff,-0.031109217513749617,-0.04378372953318323,0.039558892193372025,207
DS Airee,-0.0814505250196965,-0.018607095230959388,0.039554905160538424,208
AR Caddick,-0.015065969239720143,-0.05074299051755337,0.038850650091608964,209
R McLaren,0.008193762408784225,-0.06156080187420214,0.03830928044654002,210
Zahoor Khan,-0.015752521912239525,-0.04926083268832477,0.03809139576296302,211
JN Frylinck,0.03479417283129532,-0.07407031452539369,0.037782152073164016,212
D Pretorius,-0.006708672639894937,-0.05321134399527451,0.03771045354348132,213
SMSM Senanayake,-0.08140777297855414,-0.01576588183704581,0.03764651221754859,214
KP Meiyappan,0.04997514448112742,-0.08139392568179736,0.0376042356274891,215
Shaheen Shah Afridi,0.048850985924781216,-0.0803239248386679,0.03726562125085153,216
Zulfiqar Babar,-0.03111315007226164,-0.0401831817961533,0.03715983788818941,217
RA Jadeja,-0.06636212315298332,-0.022533104252514723,0.037142777219337585,218
M Ntini,-0.005727472068132318,-0.05275520268577892,0.03707929247989672,219
Maninder Singh,-0.11389848349148601,0.0013429988041616975,0.03707082862772087,220
A Nortje,-0.008607139839763953,-0.051154214088295506,0.03697185600545166,221
MA Ealham,-0.04944816115380229,-0.030575672444047457,0.036866502013965734,222
CK Langeveldt,0.0949649555938162,-0.10264649633858458,0.03677601236111765,223
Aizaz Cheema,0.03316448476239714,-0.07164380592010876,0.03670770902594012,224
GB Troup,-0.016348057952948466,-0.04652668349645735,0.036467141648621054,225
ND Hirwani,0.0032564368940255243,-0.055207955323664314,0.035719824584434366,226
JM Anderson,-0.052300898283873166,-0.02680668161976111,0.0353047538411318,227
Wasim Raja,-0.058226188467805313,-0.023585013087162127,0.03513207154737652,228
SR Taylor,-0.053225436808069085,-0.025760509459447398,0.03491548524232129,229
J Theron,0.036856069113590226,-0.0706911010486463,0.03484204432790079,230
BJ McCarthy,-0.01261990234525312,-0.04493007281258537,0.03416001599014128,231
Usman Shinwari,0.0005573673109406016,-0.050903875573642565,0.033750127945448176,232
DT Johnston,-0.03516194070911444,-0.03295218704407674,0.03368877159908931,233
J Srinath,-0.060365629552371694,-0.020046968945407796,0.03348652248106243,234
LH Ferguson,-0.022539930368577623,-0.03842448048706149,0.03312963044756687,235
JV Coney,-0.15373391564262373,0.027230936843969603,0.03309068065156151,236
GD Campbell,-0.011885185224194161,-0.043590320873211505,0.033021942323539055,237
KAJ Roach,-0.06471893198634869,-0.01705250779084567,0.03294131585601334,238
Sikander Bakht,-0.029353134504960368,-0.033337503016361195,0.03200938017922759,239
Zeeshan Maqsood,-0.01771817018604274,-0.03869100716760159,0.031700061507081975,240
PJ Martin,-0.05890513028182299,-0.016995174275002054,0.03096515961060903,241
D Gough,-0.010191368477277071,-0.04053718256625417,0.030421911203261803,242
B Lee,0.023192274209261045,-0.057052995991839224,0.030304572591472467,243
CN Greaves,0.07186139698818395,-0.08026792041362148,0.029558147946353003,244
AJ Hall,0.010041806327282682,-0.04876089021904747,0.02915999137027075,245
PR Adams,0.007507649037648791,-0.04613276121821748,0.028252624466262057,246
T Panyangara,-0.05036217004315357,-0.01706092894268823,0.02816134264284334,247
A Dananjaya,-0.00044650570560347683,-0.041527090897445995,0.027833562500165155,248
Arshad Ayub,-0.0935980783043522,0.005587838993350439,0.027474133439217105,249
Mohammad Nabi,-0.07343871480197799,-0.004133038789071624,0.027234930793373746,250
JD Nel,-0.02310075415665349,-0.028308130559733385,0.02657233842537342,251
NM Hauritz,-0.028564311045876294,-0.025443525552871278,0.026483787383872952,252
AW Greig,-0.05436558279568758,-0.012403257983162864,0.02639069958733777,253
SM Boland,-0.022651894254282875,-0.028142895487377577,0.026312561743012677,254
Tauseef Ahmed,-0.1708069924339865,0.04740013799193666,0.02533557215003773,255
NA Foster,-0.04153260919318376,-0.017081343245705483,0.02523176522819824,256
SR Watson,-0.021026940344721405,-0.02725996069238657,0.025182287243164847,257
KCG Benjamin,0.017122154056395573,-0.04629438378957235,0.02515553784091638,258
CA Young,-0.0007965693081138385,-0.03723826996894811,0.025091036415336682,259
Harbhajan Singh,-0.026059715937054553,-0.02415490245626402,0.024789840283194198,260
ZG Foulkes,-0.04561212548390803,-0.014232126034936829,0.02469212585126056,261
AR McBrine,-0.06491661695468627,-0.003708713018260418,0.0241113476637357,262
Haseeb Amjad,0.03544951499113757,-0.053793562955243845,0.02404587030645004,263
GH Dockrell,-0.04131696325957899,-0.014856605359124543,0.023676724659276022,264
MJ Santner,-0.06962035112318081,-0.0006534518101741242,0.02364241824784302,265
G Sharma,-0.20986482736145803,0.06952270311149499,0.02360647371282269,266
Kushal Malla,-0.0462074553162928,-0.011596548400977876,0.023133517372749518,267
HS Baidwan,0.07418838683990645,-0.0715431808730667,0.022965991635408984,268
HA Varaiya,-0.09235674722529617,0.011863836480214789,0.022876358088288865,269
Hasan Ali,-0.019268600647982626,-0.024665638229918026,0.022866625702606225,270
G Motie,-0.04010538582499002,-0.014039141311010011,0.022727889482336682,271
BW Hilfenhaus,-0.05741050030004556,-0.00528856684367187,0.0226625446624631,272
PL Taylor,-0.014924412917920907,-0.02606391967156761,0.022350750753685377,273
PA Strang,-0.031583968755912704,-0.01710359263151375,0.021930384672980068,274
Iqbal Qasim,-0.05729546915174486,-0.004146276410401775,0.02186267399084947,275
DN Wellalage,-0.054421825275494044,-0.00555266196968935,0.021842383071624245,276
KJ O'Brien,0.035160177271557916,-0.05020296481514916,0.021748584119580135,277
DR Tuffey,0.01971086971752457,-0.042269519227296846,0.02160938957902304,278
Rohan Mustafa,-0.0003094139464187513,-0.032221986951082394,0.021584462616194514,279
RK Illingworth,-0.09108866348360724,0.013226432469272258,0.021545266181687575,280
Sohag Gazi,-0.06888632379024544,0.0027531222955014686,0.021126693066414168,281
AM Fernando,0.008419157979871188,-0.035880979070278075,0.021114266720228324,282
MR Adair,-0.013827361710742156,-0.0246944432135444,0.02107208271261032,283
Mohammed Siraj,-0.042114455624543794,-0.010335591607711445,0.020928546279988896,284
LL Tsotsobe,-0.043931264540495014,-0.009405186963999588,0.020913879489498063,285
BP Patterson,0.06300739553442171,-0.06280411325409442,0.02086694365792238,286
Azmatullah Omarzai,-0.02962362528896317,-0.01642689070991599,0.02082580223626505,287
CE Cuffy,-0.08277930833176443,0.010728867202611127,0.020440524642180727,288
Majid Khan,-0.16652431138182558,0.05261579923878287,0.020430904301419944,289
TG Southee,-0.02469021496047885,-0.01804911985949677,0.020262818226490797,290
AR Border,-0.03247687019408158,-0.013811825204583418,0.020033506867749473,291
Mushtaq Ahmed,-0.002484067665270292,-0.028481356821437005,0.019815593769381433,292
Rehan Ahmed,0.043570048507619176,-0.05114488798336728,0.019573242486371798,293
Shadab Khan,-0.006353375079074835,-0.026022824675997952,0.019466341477023582,294
Mudassar Nazar,-0.07161578840319166,0.006689720255110055,0.01941211596432385,295
PAJ DeFreitas,-0.051874765489308194,-0.003056318408031167,0.019329134101790175,296
H Masakadza,-0.0522200875751918,-0.002612204852310889,0.01914816575993786,297
IK Pathan,0.06937695628220696,-0.0633752124700296,0.019124489552617415,298
MRJ Watt,0.0008248953057524391,-0.02898901212268732,0.019051042979874068,299
Fareed Ahmad,0.0436307395902211,-0.050362735903297526,0.019031577405457984,300
J Overton,0.025518143307597663,-0.040581291305374405,0.018548146434383714,301
JK Kamande,-0.006876605476012364,-0.023681667331997506,0.018079980046669126,302
S Shrivastava,0.08588336364266036,-0.06940260775642258,0.0176406172900616,303
NO Miller,-0.03537372340387963,-0.008251654082176617,0.01729234385607762,304
Shoaib Akhtar,0.08258605605177562,-0.06693711070545584,0.01709605511971202,305
CR Woakes,-0.01527749703719677,-0.01780329293032086,0.01696136096594616,306
RDB Croft,-0.08107168340303443,0.015564653621427406,0.016647458720059873,307
MC Snedden,-0.036818893448852835,-0.006299030479617778,0.016472318136029465,308
Haris Rauf,0.01849509851885254,-0.03385659582229329,0.016406031041911347,309
SL Boock,-0.0484158282520352,-0.00036053275947863547,0.016378964590330825,310
MJ Swepson,-0.04254553659771123,-0.0029685402817189004,0.016160872387049677,311
Mohammed Shami,0.017919379673760758,-0.03317727904800795,0.01614505947408505,312
W O'Rourke,0.03998300650823878,-0.04408743101502003,0.016063951840600426,313
JP Faulkner,0.05685572798586185,-0.052410888390490074,0.0159886829317061,314
RW Price,-0.102735508072571,0.028262720124771306,0.01540335594100946,315
I Sharma,-0.004097070479459887,-0.020971888578145133,0.015346949211916719,316
KA Maharaj,-0.03683132095147891,-0.0033500297578260723,0.014510460155710352,317
VB John,-0.02322716723435784,-0.008298899295757063,0.013274988608623988,318
NM Lyon,-0.06940676803941057,0.01565133928284137,0.012701363157909276,319
JTS Sumerauer,0.028704322604908124,-0.033221198879170646,0.012579358384477721,320
KD Mills,-0.02224965140995216,-0.007702445508886407,0.012551514142574991,321
M Prabhakar,-0.024729330446211298,-0.006147359658459684,0.012341349921043555,322
T Shamsi,0.024834206381011505,-0.03084842031336206,0.012287544748570871,323
R Rampaul,-0.02248829485362279,-0.0069518128038256665,0.01213064015375804,324
S Elworthy,0.007590869929570725,-0.02127296433030319,0.011651686243678551,325
SL Malinga,0.09674997813908766,-0.06570772202430829,0.011555155303176306,326
GD Elliott,0.09259999511433908,-0.06346340016029856,0.011442268402086009,327
MM Patel,-0.05151303969466975,0.00885451911631171,0.011268000487348778,328
Arshdeep Singh,0.15814152337779913,-0.095880690207006,0.011206619012070956,329
PC Connell,-0.022377840533895032,-0.005599035815166207,0.011191970721409148,330
BM McMillan,-0.07219457211077808,0.019385154561372617,0.011141420996010948,331
KMDN Kulasekara,-0.03372603864928275,0.0006476749508080615,0.010810229582555543,332
M Morkel,0.009022139122819805,-0.0204518518308826,0.010627188179648464,333
FJ Klaassen,0.015517223314595026,-0.023520499207757787,0.010507925033640182,334
Aaqib Javed,-0.05931088335197148,0.014173794495930363,0.010321098120036919,335
S Randiv,-0.033028482099646796,0.001081418709050563,0.01028854822718189,336
NC McGarrell,-0.03389810031704598,0.001753541996561793,0.010130338774640799,337
JH Davey,0.036886479192304575,-0.03345081459673449,0.010005050000388135,338
Taskin Ahmed,-0.036011583262998144,0.003366909043647518,0.009759255058567702,339
Simi Singh,-0.027348516057895664,-0.0006948992136499896,0.00957943816173188,340
JS Patel,0.032368329604717784,-0.03042876357682724,0.009496399182978899,341
DNT Zoysa,0.0026874078663228444,-0.015415095272105016,0.00938092755929573,342
TS Chisoro,-0.06268742802476125,0.01816998237442947,0.008782487758634104,343
KA Jamieson,-0.05794181982178516,0.01591478642076446,0.008704082326752079,344
R Ngarava,-0.01649563490347946,-0.004807176547502441,0.008703329332828113,345
S Madan Lal,-0.04721706173891483,0.011322891614567364,0.0081904261699267,346
Hamza Tahir,0.03362258548160211,-0.028995098158841028,0.008122536945359983,347
DR Parry,0.02039828471680035,-0.021382448585470185,0.00745553748471334,348
NJ Astle,-0.0924903343754158,0.035142531557195454,0.007401757087008298,349
C Pringle,-0.020508176377714266,-0.0007478781080920596,0.007334644197966128,350
JOA Gordon,0.09077160224002857,-0.055877721201402726,0.006994613387592293,351
TG Hogan,-0.022008275768847042,0.0006184043966481428,0.006923822325183585,352
TBA May,-0.08403120196781645,0.03211956799759142,0.006597355324211203,353
A Nao,-0.05264573199444104,0.016797438667539515,0.0063502848864540025,354
RE van der Merwe,-0.011522420574561884,-0.003407293313397811,0.006112335733785835,355
CD Collymore,-0.07863182579009574,0.03036200142533032,0.005969274313145034,356
MS Panesar,-0.07708759100491809,0.02964660115793065,0.005931462896352264,357
Saleem Jaffar,0.0035151889801391997,-0.010458348385958953,0.00580050259725957,358
GC Small,-0.034589336319057105,0.008943542156922049,0.005567417335071003,359
PWA Mulder,0.06977443636157796,-0.04262710016150637,0.0051599213204782625,360
N Pokana,-0.009272651281867396,-0.002964745452939361,0.0050673807292487055,361
DJ Nash,-0.03920187594080349,0.012006148499529919,0.005063192980581217,362
Mahedi Hasan,0.0038807003705003365,-0.009429727240259114,0.00499291803667263,363
JN Loftie-Eaton,0.08882676569134636,-0.051895025562754805,0.0049877618113877515,364
C White,0.058379013892173315,-0.036424507887538815,0.004823333960968105,365
Tanzim Hasan Sakib,0.029038300591405747,-0.021735114545540325,0.004810642833224968,366
CJA Amini,-0.014009250765089276,8.358021315086047e-06,0.004664178240819702,367
ST Jayasuriya,-0.014304564952511005,0.0003067324304731033,0.0045637000305215995,368
A Zampa,0.06322636283430215,-0.03815588109716683,0.004361799786677172,369
PA van Meekeren,0.01941416134803614,-0.016063012798608403,0.0042372880830602215,370
JR Thomson,0.01616415843428207,-0.013803309736541316,0.003814153679600187,371
JF Mooney,0.025401881027415307,-0.018410052308484564,0.0038060745298512735,372
Mohammad Naveed,0.0019145975685895664,-0.006276408270513316,0.0035460729908123553,373
L Klusener,-0.054406761349890885,0.022171363751107138,0.0033546779492255366,374
A Dutt,-0.009363701776445436,6.780748861894776e-05,0.0030760289330691803,375
D Heyliger,0.07389780433324285,-0.04146945921189607,0.0030137046968497644,376
Yuvraj Singh,0.06764892730536345,-0.037825541580934256,0.002667385285501686,377
S Joseph,0.04543952795695896,-0.026092418371475412,0.0022484362619972892,378
PCR Tufnell,-0.05955325320216195,0.027172146339785583,0.0017363201741969272,379
A Symonds,-0.04008808419543615,0.017490436337314973,0.0017024038402687347,380
RJ Peterson,0.056423743576736136,-0.03076469814593179,0.0017018842383758153,381
MA Leask,0.06849862506491779,-0.03669336500530726,0.0016293683152322446,382
Ahsan Malik,0.03337129175463593,-0.019120900722665205,0.0016235032302314943,383
Karan KC,0.05624389290228365,-0.03046635658598767,0.0015629400898972319,384
M Jansen,0.06511797473693444,-0.03388800517084095,0.0008860118682491545,385
PM Siddle,-0.07403774145251972,0.03614607564588176,0.0005818633869187351,386
RAS Lakmal,0.013932251399229652,-0.0076400616083952405,0.0004492906058536095,387
JO Holder,-0.04568168611505733,0.02222754618546061,0.00040886458137870396,388
AG Cremer,0.02920012307330433,-0.015129295106588087,0.0003528223799572812,389
EAE Baptiste,-0.09533939471908034,0.047723544374387195,-3.589800989801476e-05,390
RMH Binny,0.03982835378247019,-0.01940951108784637,-0.0003364438689258166,391
DK Morrison,0.045594547165218165,-0.022043096636336277,-0.000502784630848537,392
KM Jarvis,0.002514744899945432,7.438111747677999e-05,-0.0008878357116329973,393
DG Cork,0.026266564564610687,-0.011478673420623364,-0.001103072574454653,394
SB Joshi,-0.056305688890152666,0.02982683472487188,-0.0011159935198636988,395
AU Rashid,0.03060892438730256,-0.012493897378506348,-0.0018737098767632882,396
RJ Shastri,-0.06598020350118125,0.0358382231907668,-0.001898747626784117,397
JL Pattinson,-0.015068121718892529,0.010631080937032203,-0.002064680051723959,398
MDK Perera,0.041242183242625734,-0.017264675463513526,-0.002237610771866227,399
RP Snell,0.02561900998248009,-0.009233180258441637,-0.0023842164885322717,400
Sohail Khan,0.06769391204236634,-0.029631901328823457,-0.0028100364615731427,401
RS Bopara,-0.03043407591543008,0.019751973240037895,-0.0030232901882152365,402
Ali Khan,0.062109200890327475,-0.026092538155270673,-0.003308041526595376,403
Abdur Razzak,-0.025388630820792873,0.019035228905772285,-0.004227275663583899,404
DJ Hussey,0.02540469730662366,-0.006194916037560999,-0.004338288410500554,405
DE Malcolm,0.05781259452754322,-0.021748878846359218,-0.004771612278274928,406
CH Gayle,0.004288357417520569,0.005374008675878192,-0.005012124923092318,407
WW Davis,-0.017622173237606398,0.016791103909016232,-0.005320011526808689,408
BC Strang,-0.059221463002943994,0.03777729457674639,-0.005444375383516262,409
MJ Potts,-0.025740844438918796,0.02139148601351653,-0.005680709196038088,410
WW Hinds,0.051390682616351366,-0.01714411351209307,-0.005700818530721743,411
CC Lewis,0.008661138984370398,0.004253480681864094,-0.005722700116032862,412
AS Joseph,0.022257536818309602,-0.0017990228930095335,-0.006219830344096845,413
NP Kenjige,0.004650304021913143,0.007497815270770057,-0.006548644854484419,414
BKV Prasad,0.0034558988008751277,0.0085174620094428,-0.006830274273253577,415
SI Kamea,0.0596303364670063,-0.019286794669122552,-0.007018915709587066,416
AC Agar,-0.07390370185044103,0.04749374394861128,-0.00702792868226051,417
Nasum Ahmed,-0.019374427672956464,0.020412621221282568,-0.0071502715898695566,418
Hasan Mahmud,-0.023231110342087503,0.0224428663431183,-0.007218207448049699,419
N Vanua,0.01271296177301056,0.004651840790418963,-0.007338881117949496,420
Mohammad Asif,0.0022108541357948788,0.009919508789000648,-0.007349957237932058,421
SR Waugh,-0.0348197235657356,0.028784255086811556,-0.007582928869295837,422
Naseem Shah,-0.042080462285803984,0.032434202823384314,-0.007595981120321549,423
Mirwais Ashraf,-0.08326671164851941,0.05334079934472431,-0.0078049623469764046,424
LM Jongwe,0.029568573177850447,-0.0030405074043393047,-0.00782918612305728,425
Abdul Razzaq,-0.002676948009979568,0.0133222759373229,-0.007989201288222078,426
Shahid Afridi,-0.0012672675618364718,0.013291219546310521,-0.008438390510261523,427
SB Styris,-0.011495916252834946,0.019039964135000767,-0.008861337339055529,428
Mehidy Hasan Miraz,-0.05393422344644044,0.04075945046453155,-0.009194892494207553,429
SR Thompson,-0.029095824574634676,0.02838750108181013,-0.009226392529661861,430
RM Ellison,-0.029831896569730943,0.028810969113257933,-0.009263347218928308,431
M Dillon,0.020958611997660765,0.0036349142599616403,-0.009409480172528016,432
EE Hemmings,-0.0887534967735584,0.05924467352695637,-0.009911950093451449,433
Tanwir Afzal,-0.04914735860529783,0.039462304615639536,-0.009925750208660414,434
MC Sorensen,0.050498716845424875,-0.010301470068577562,-0.009965258902756584,435
J Botha,-0.0007177179569310078,0.015752460309773373,-0.01026240088753858,436
D Parashar,-0.025392274992518216,0.028718190772494007,-0.010681368850823264,437
Azhar Mahmood,-0.049592933600163085,0.04085670347392293,-0.010706824449227591,438
Samiullah Shinwari,0.0012633811927524909,0.01597448073403493,-0.011070780886940782,439
M Kartik,-0.04150021343743165,0.03740608830161764,-0.011103987721934543,440
JE Taylor,0.030994518971729303,0.001243554353283371,-0.011160542559432015,441
CT Tremlett,-0.025980176308794112,0.029747017952799895,-0.01117128653226856,442
JDP Oram,-0.06665765201425254,0.05018276713743101,-0.011235960753536492,443
Haris Sohail,0.01706587848702165,0.00857455722485401,-0.011404997645576556,444
G Coetzee,0.10470881761696563,-0.03508363365628907,-0.011513850101462497,445
T Thushara,0.07337470203161857,-0.019404202489509963,-0.01152209901753288,446
MP Bicknell,0.04700543463029486,-0.005992991057330156,-0.011673150838544847,447
R Trumpelmann,0.0701722590113883,-0.01741006942093742,-0.011784040056504484,448
B Evans,-0.00099796802298032,0.019139622148354477,-0.012427092091242877,449
SD Anurasiri,-0.11433508516944331,0.07617946336782147,-0.012674613855399877,450
VC Drakes,0.03975394454163739,-0.0006040607970579039,-0.01284860764917386,451
AJ Bichel,0.051180053585058664,-0.005732531441386554,-0.013238330234095185,452
HDPK Dharmasena,-0.07773001602020588,0.05888934071699247,-0.013349555137926355,453
PL Symcox,-0.047983409907155244,0.04436946722343948,-0.013585174846574571,454
CL Hooper,-0.08354174290068767,0.062254195533223616,-0.013655549388586522,455
DR Pringle,-0.03717461309190514,0.039477337853920366,-0.013926687538645198,456
MN Hart,-0.030502423797874424,0.036182796576732866,-0.013954389785197105,457
T Lungameni,0.017760124767907573,0.012369648569234287,-0.01416647396879205,458
CL Cairns,0.05027083586821631,-0.0031705940197676234,-0.014643215942893688,459
PM Seelaar,0.010647378334653011,0.01701604640687568,-0.014893157049468123,460
JTC Vaughan,-0.048921670794957656,0.04680576125536684,-0.014896617238592008,461
BTJ Wheal,0.0027657011686073756,0.02103607327790966,-0.014945949241475564,462
RP Burl,0.03148589133201401,0.006761503692121164,-0.015002966238752113,463
KS Williamson,0.04854291576608116,-0.0014235117693738434,-0.015231964075777824,464
MA Wood,0.000417096451848291,0.02267553110653429,-0.015256052888305624,465
Kashif Daud,-0.02289844660519822,0.03449453471250917,-0.01536354093994004,466
AM Phangiso,0.0338584381308339,0.0067463523198543545,-0.015783714256847537,467
LE Plunkett,0.027170335369567495,0.010223226102968778,-0.01587226252516835,468
Shoriful Islam,-0.03377646752353834,0.04102895700742731,-0.016093815497105424,469
DA Marillier,0.053936816536838954,-0.0028265837874618754,-0.016094549653971734,470
C Bosch,0.04865966965099318,-2.305694528794019e-05,-0.016204518586805768,471
HA Gomes,-0.07610305633040386,0.06248168439450052,-0.016286770819532392,472
Mohammad Nawaz (3),0.059749087393019575,-0.005430853482976884,-0.016295793475688602,473
SB O'Connor,0.06703325117105392,-0.008395855726806772,-0.01674717990581346,474
Ahmed Raza,-0.048700331837711296,0.049800481122734115,-0.016966876802585646,475
EA Brandes,0.012468576496814031,0.01938890069272672,-0.017082125960755822,476
GD Drummond,-0.04688600623397832,0.049189511947765725,-0.017164339220517712,477
S Mahmood,-0.00936806950794919,0.03043119626966509,-0.017164774343793664,478
YS Chahal,0.0751689085233252,-0.01121323819800804,-0.01758081070910304,479
DAJ Bracewell,-0.008244452976990016,0.030972434746288184,-0.017900138838528784,480
MJ Clarke,0.033309302102571374,0.01101274472577789,-0.018444930518042385,481
DJ Bravo,0.04262095496794012,0.006470381439957026,-0.01852057261595139,482
B Shikongo,0.04691549845151733,0.004400871970029581,-0.0185724141305255,483
Aamer Nazir,0.08726290674332282,-0.015634304945636432,-0.018664765617349987,484
PT Collins,0.02342321989793464,0.01672422753128564,-0.018957224986835306,485
H Osinde,-0.012104142093943743,0.03452554711080859,-0.018982317375891147,486
L Sivaramakrishnan,-0.01577279960307792,0.03639095180236132,-0.019003034667214907,487
Mohammad Sami,0.03315201403291,0.011968798649372286,-0.01902987044388486,488
AJ Hosein,0.031497498972568226,0.01346113584502531,-0.019473256887539616,489
FA Rose,0.03931665906338242,0.010343001540012796,-0.020000887381136003,490
ST Gabriel,0.028099700766357618,0.016136724563029985,-0.02012438329747253,491
R Ravindra,-0.024008955833839534,0.04250294080511757,-0.020332308592131868,492
Ebadot Hossain,-0.0015373758672326992,0.03132991741403406,-0.020374152986945143,493
WD Parnell,0.12601064792295574,-0.03185171332775935,-0.020769073755812346,494
Enamul Haque jnr,-0.012610052396490788,0.037961659049946486,-0.021104421901134058,495
CPH Ramanayake,-0.002612096336812069,0.03318809088975104,-0.021254695147563337,496
JEC Franklin,0.08151916089617911,-0.008846527772100881,-0.021275368450659114,497
Yasir Shah,-0.010352590094881002,0.03714288420468624,-0.02131105943816383,498
MM Ali,0.0008173210848323605,0.03166576362767018,-0.02138294944672424,499
D Mohammed,0.08192957463455963,-0.008535368076134524,-0.021619612827430194,500
Sikandar Raza,-0.034542590047971625,0.05008013666525138,-0.021872561094177043,501
Mohammad Wasim (1),0.12904506251421655,-0.03167352259996127,-0.02189933910476467,502
Rishad Hossain,0.06813142837722176,-0.0004177531244354891,-0.022431974042783593,503
Sompal Kami,0.03264175331034547,0.017412070462912203,-0.022488631412056623,504
SB Doull,0.024884006253124716,0.02129294466502592,-0.022489965194392187,505
AAP Atkinson,0.10080851179193454,-0.01661186783186314,-0.022528258709402754,506
DM de Silva,-0.03372182298187092,0.050986153358473715,-0.0227501612450255,507
SJ Harmison,0.025488721798597447,0.022512387415139258,-0.023504498876291986,508
AB Agarkar,0.01775658547712723,0.026466652660890412,-0.023563296932969352,509
JH Kallis,0.0016913520993404323,0.03468037294037397,-0.023684032660029455,510
Ali Naseer,0.10409048726046738,-0.01619181216814222,-0.02390228764139431,511
Sohail Tanvir,-0.004859478619667662,0.03846431302844679,-0.02402304914574197,512
RK Chauhan,-0.049581789048425064,0.06093652845513556,-0.02409708928728202,513
MR Marsh,0.02535574081096529,0.023621356846748445,-0.024199484834820723,514
HH Pandya,0.025723380025095055,0.023810219509481544,-0.024447939681352716,515
PJW Allott,-0.04716981525857485,0.060306188537153534,-0.024480853938577407,516
RMS Eranga,0.05414815966488354,0.010080025947778475,-0.02476940385348016,517
MD Shanaka,0.046881889379896804,0.01403338727085635,-0.024982887973869838,518
JR Ratnayeke,0.03663274624681533,0.019483757568744,-0.025200087128101113,519
R Vinay Kumar,0.03007615956107802,0.022810307137261506,-0.025232257945200343,520
LB Williams,0.061247673742143224,0.007356580905484249,-0.02532027851770391,521
SW Masakadza,0.06223654142317769,0.007784521131684005,-0.025935194562181896,522
GRJ Matthews,-0.023109291592241225,0.050597265565250876,-0.026028413179420173,523
D Bishoo,-0.033243699679068324,0.05568398796238653,-0.02604142541523491,524
AC Evans,0.06382286622468684,0.007470555832497066,-0.026254659296560328,525
RJ Ratnayake,0.017996213087530456,0.03077115260324464,-0.026512839431339915,526
IS Sodhi,0.022379922890413077,0.02884524243596699,-0.026690135920782353,527
A Kuruvilla,-0.028165024945618566,0.05489513731851532,-0.027208416563804027,528
MG Bevan,0.13361878037283653,-0.025734893994130082,-0.02738299746152546,529
J Jarvis,0.09166744739775308,-0.004024980776655737,-0.027872495281480534,530
Kaleemullah,-0.06395925677031539,0.07402119513163591,-0.02802771116431881,531
HMCM Bandara,0.06156245498600138,0.011570317327465654,-0.02823436321364423,532
AD Mathews,-0.09961701265038023,0.09257659922651981,-0.0285120619342198,533
Aftab Alam,0.02347516560425554,0.0314907667129489,-0.028818899676717778,534
CN Ackermann,-0.029557440514960065,0.05825779360942797,-0.028986048901298623,535
PW Jarvis,0.014429805881263833,0.036537777235934515,-0.029168453451044286,536
MG Bracewell,-0.006135657354879866,0.046950787803713964,-0.029255306084182687,537
SS Cottrell,0.06246237969793863,0.013532900776429128,-0.02984272708359896,538
UT Yadav,0.07317307298186211,0.008443487370433852,-0.030020015907576605,539
W Madhevere,-0.08529145387552209,0.08910339681054977,-0.030971779915192482,540
D Madushanka,0.09439188367770218,-0.00022456545223505054,-0.031314250924410696,541
JN Maguire,-0.02677281173468882,0.06079314860476757,-0.031604495158282106,542
DH Brain,0.06145268800866406,0.016780855030536106,-0.03167146602324542,543
P Utseya,-0.06760432712506087,0.08172998112653428,-0.03195187837600256,544
DS de Silva,-0.043322828058800104,0.07034015802646587,-0.032452495998043875,545
Fazalhaq Farooqi,0.08497159258160827,0.006242333571016665,-0.032485419907880536,546
KTGD Prasad,0.12348067224959695,-0.012761392566358196,-0.032652629038960185,547
DBL Powell,-0.013418431647091004,0.05618676318669365,-0.032985031575432096,548
ME Waugh,0.04231800241391298,0.028426243327896828,-0.03305682968990221,549
Naveen-ul-Haq,0.14845176919046663,-0.024501155856933375,-0.033149819158866625,550
SM Sharif,0.08578087478285698,0.007253520590354055,-0.03342930532118837,551
Imad Wasim,-0.011416470113478601,0.05597070686402787,-0.033508314538192384,552
JJC Lawson,0.10539603494744988,-0.0011504711471618206,-0.03436503088437542,553
SN Thakur,0.09736101440746674,0.003032719086186388,-0.03447548419327984,554
CO Obuya,0.05623147095868424,0.023981779818606178,-0.03473167686529887,555
Z Khan,0.021347109574200263,0.04158334320511375,-0.03483793199480925,556
UDU Chandana,0.02905844805110679,0.037834592925074864,-0.03490921130041884,557
NL McCullum,0.0032647375328177493,0.05118932046303535,-0.03521445948629615,558
AF Giles,-0.04033238926407567,0.07306222533308544,-0.03526402046736507,559
LV van Beek,0.06560224139783563,0.022150607153834354,-0.03663448523516811,560
HK Bennett,0.05130691092560277,0.030629712523211686,-0.03752211199067538,561
Nahid Rana,0.045174761851191195,0.03384090470933312,-0.037618857089952475,562
Mohammad Rafique,-0.04172764192410525,0.07736741420075335,-0.03766906215913382,563
IG Butler,0.07251854783300635,0.020320830961144155,-0.037720069918431555,564
MJ Hoggard,0.04027451231897584,0.03660410376136417,-0.037827573280568065,565
BFW de Leede,0.12697718964887816,-0.006003300765308608,-0.03832352937275365,566
GB Hogg,0.06762087608509403,0.023729493103433575,-0.038359954097320396,567
Gulsan Jha,0.08321039105656262,0.017080976026204314,-0.039124114369657084,568
Dawlat Zadran,0.05642052512886933,0.03116195659569248,-0.03958147944008476,569
PR Stirling,-0.041935466114474844,0.08139014234749757,-0.040281606193506764,570
CH Morris,0.06262380071559394,0.030142193702379527,-0.040969396040117664,571
PJ Wiseman,0.05625424683765136,0.03368860243987655,-0.04121048390580149,572
TT Bresnan,-0.008008688010679454,0.06629546425054292,-0.041527413496802126,573
Shahid Nazir,0.019412555614578376,0.052598928826586774,-0.04153680442258397,574
MD Crowe,-0.014093375088378851,0.06962595013649543,-0.04171950839487067,575
GA Gooch,-0.08607867126004466,0.10588071552853162,-0.041894253265672865,576
SC van Schalkwyk,0.141056581325127,-0.007518541577907658,-0.04200649938977056,577
VJ Kingma,0.024981329019339006,0.05056440957154871,-0.042036716054145475,578
MR Gillespie,0.0705055404848796,0.027831492481515365,-0.04205617514930344,579
CD McMillan,0.05642391220698499,0.03506645588704473,-0.04218560799369148,580
PDRL Perera,0.031467716851524254,0.047992319879816434,-0.0424841188703857,581
IE O'Brien,0.12511030504975473,0.0013827639100937046,-0.04262527762331405,582
BV Vitori,0.04361008269195106,0.04219388291858681,-0.04266594950970823,583
TM Dilshan,0.012019289188771948,0.05821287944659894,-0.04281501602732327,584
NC Johnson,0.03051803379862874,0.05015012903075463,-0.043606097286712664,585
SI Mahmood,0.053331048082566154,0.03891201966618821,-0.04371836247164753,586
CJ Jordan,5.566711778901556e-05,0.06560731733162585,-0.043756767260346906,587
BMAJ Mendis,0.04895729893514056,0.04155403258310983,-0.044021788033786736,588
CBRLS Kumara,0.10015836525440784,0.01606132611823389,-0.04409367249695854,589
C de Grandhomme,-0.07441609872735933,0.10384286915707891,-0.0444232131955995,590
Faheem Ashraf,-0.05830669264004643,0.09605629856360735,-0.04460196816238943,591
Tahir Naqqash,0.011380930923092959,0.06172503536415426,-0.044943667217133824,592
BE Hendricks,0.06696454251865949,0.034203498779270876,-0.04512384669240042,593
SPD Smith,0.1030311529415266,0.01655111189178938,-0.04537779224170178,594
Danish Kaneria,-0.005712462181372267,0.07180007553849756,-0.045962562965207614,595
TL Best,0.06377468828869653,0.037680007387166425,-0.04637823435434313,596
IVA Richards,-0.10467739608382765,0.12193316984764485,-0.04639631453715402,597
DJ Willey,0.13251630509253406,0.0035317864094919884,-0.04652662597050602,598
N Boje,0.018505124125279698,0.06061583562796871,-0.04657893179373904,599
FH Edwards,0.04474263899977962,0.0483779694558463,-0.047166192637157406,600
PVD Chameera,0.06589521604730457,0.038128655749240715,-0.047384175848595333,601
NM Coulter-Nile,0.13258870931533545,0.005017238623130924,-0.047541062187199105,602
UWMBCA Welegedara,0.11462833006103752,0.014175782794846173,-0.04765996521690996,603
R Hekure,-0.03115856962712605,0.08712998754827976,-0.04770046848981116,604
KD Ghavri,0.02240018300204514,0.0612998874231495,-0.048333319282781374,605
BA Carse,0.06909550744122293,0.03807246607209416,-0.048413479861803756,606
NT Ellis,0.0602484571559051,0.0433395173970751,-0.04897583065001843,607
JG Bracewell,-0.03139998056320676,0.08953264429288409,-0.04922176934085381,608
JR Hopes,0.026003650102434515,0.060901256054607625,-0.04926872073721659,609
MF Maharoof,-0.0026672744631783683,0.07555786309866176,-0.049482817244715045,610
S Sreesanth,0.07665465602967807,0.03650279403848198,-0.049886748035547344,611
RP Arnold,-0.025112999439002734,0.08758177770031134,-0.050016851987206644,612
CS Martin,0.021260404098405055,0.06476199483304632,-0.05026146458816589,613
Wahab Riaz,0.07033315354483544,0.04040342455660519,-0.050380000886015276,614
LS Livingstone,0.0869525304948222,0.032112674589420416,-0.050392626557887676,615
WG Jacks,0.12765869770187271,0.011764380463230648,-0.050395819542778005,616
HT Davis,0.10329469532355884,0.02438203204968076,-0.05068625314097345,617
GD Phillips,0.08048084635718476,0.035875968642928344,-0.05074426121434714,618
L Balaji,0.03674933670162725,0.057835117625670895,-0.05080652398432301,619
Azeem Hafeez,0.07526424749890002,0.03868516767983021,-0.05087819428618682,620
GA Hick,-0.008281036862296365,0.0804956079301118,-0.05090339299930908,621
GJ Whittall,0.004329145778767957,0.07578534444455283,-0.051966611555957866,622
BJ Dwarshuis,0.16658812789115693,-0.00513880002103247,-0.05210350928303067,623
JP Duminy,0.06551253717645439,0.0459156867697404,-0.05244797023864506,624
Syed Rasel,0.040384905887009166,0.059951248640066755,-0.05342913438904756,625
M Hayward,0.09802879193388389,0.03181246548788277,-0.05388457430321647,626
C Green,0.05805118602818728,0.05184327651093005,-0.05391257968334912,627
PA de Silva,-5.766812733965663e-05,0.08134435635162926,-0.05421034819197296,628
GP Wickramasinghe,-0.005682912441158181,0.08427370733743587,-0.054288167411237855,629
DL Chahar,0.09129776609825234,0.03628123899254525,-0.05462008136111427,630
GI Hume,0.03374039302424713,0.06517226453702045,-0.05469497403276268,631
KW Richardson,0.0886721288750811,0.03795728708092301,-0.05486223434564238,632
Shapoor Zadran,0.04570843000061023,0.05978110096640367,-0.055090210644472525,633
Mohammad Irfan,0.0019367998470751762,0.08191195460914444,-0.055253569688454685,634
Mahmudullah,0.015770273458904218,0.07536139186928804,-0.05549768573249344,635
AS Wassan,0.08040384939328832,0.04337796114108281,-0.05571992389181798,636
TM Head,0.08671463362826701,0.04029605229868196,-0.05576891274187697,637
GI Allott,0.08962185580130466,0.039442835182702904,-0.05616917538890349,638
KMA Paul,0.03932216534483787,0.06510173299941274,-0.05650854378122112,639
Fayyaz Butt,0.11257929666613549,0.028778165381988966,-0.05671187581003781,640
L Sipamla,0.04494367566379999,0.06342743970226546,-0.05726618502277697,641
Aamer Sohail,0.0008209606822502845,0.08623273379027548,-0.05776214275426708,642
XJ Doherty,-0.004110601898660253,0.0898242360443682,-0.058512623396692054,643
M Prasidh Krishna,0.150595667243764,0.012752204180103142,-0.058700025201323426,644
RD Berrington,0.057789852156163425,0.05958846872448851,-0.05898892986838015,645
AM Blignaut,0.08869033540608946,0.04434232265089,-0.05912499356928982,646
CRD Fernando,0.10997212521784931,0.03400515507960281,-0.05932747845901831,647
DT Hondo,0.08566847827456504,0.04714319250485696,-0.059984954428092985,648
RAP Nissanka,0.12785025911818398,0.02636879440187899,-0.060195949307313985,649
MJ McClenaghan,0.12206122198350042,0.029694010475751282,-0.060483080978334325,650
Shoaib Malik,0.04363976830276839,0.06906325156574818,-0.060588757144754916,651
M Zondeki,0.08662557809432722,0.047977078205083054,-0.060859911501497777,652
NG Cowans,0.03232938042355805,0.07513799231568077,-0.06086845501830653,653
UC Hathurusingha,-0.08974423418765543,0.13652695865659564,-0.061103227708511954,654
AB Dinda,0.1100853153892783,0.03667833483130523,-0.06114732835062958,655
KSC de Silva,0.06859054685097399,0.05875419160480923,-0.062032976686864146,656
BM Tickner,0.08701160197809794,0.049686352136234645,-0.06212810208352241,657
DW Headley,0.09050045974480578,0.04849665659438418,-0.06249792431119138,658
AJ Traicos,-0.07447065686523865,0.13119032428844915,-0.06263666390388654,659
DR Gilbert,0.031146926883680644,0.07860774195678204,-0.06278747026574824,660
CAK Rajitha,0.07742549563230897,0.05563895473575816,-0.06290113503460842,661
C Sharma,0.11264431319170716,0.03803840661471848,-0.06290704214038138,662
RJW Topley,0.11005460980636542,0.04002989680804572,-0.06337146780748562,663
DT Christian,0.06241765865810619,0.06390327691628342,-0.06340807083022434,664
Mohammad Zahid,0.0931569969912085,0.04859157966946831,-0.06344671877671504,665
Ata-ur-Rehman,0.04697509168986968,0.07183264862974809,-0.06354679631645528,666
C Campher,-0.010140888221107192,0.10089095401482816,-0.06388033993618304,667
BA Stokes,0.049112543879315095,0.07135045552247604,-0.06393781830808906,668
A Nehra,0.07791432633922725,0.057380791793453394,-0.06422530330871135,669
B Mavuta,-0.026372844749334413,0.10956313141076866,-0.06425113935740097,670
DJG Sammy,-0.0034227517108476845,0.09827073135041235,-0.06437290366332567,671
HR Walsh,0.07728257141133096,0.058284837903428276,-0.06461741573939583,672
JC Adams,0.0388034539551357,0.07754809767044134,-0.06463321643200613,673
DN Patel,-0.05009552916352523,0.12236195616100029,-0.06487612771949179,674
SM Curran,0.050399603608078346,0.07258511915309838,-0.06518994730475837,675
AJ Tye,0.13150353586435462,0.03229105339830613,-0.06536188088698897,676
RL Chase,-0.02854130186404487,0.11285900877747883,-0.06572557189697092,677
BC Fortuin,0.058446502976108004,0.06984366648687403,-0.06604461198328536,678
PW Borren,-0.0007693698379018938,0.09950831672375342,-0.06608242120320164,679
SA Thomson,-0.0170166562456428,0.10813455036351632,-0.06641748149379662,680
RK Kleinveldt,0.050748996882800795,0.07483878608467513,-0.06680885635071702,681
AF Milne,0.06732648933855027,0.0668447133008356,-0.06700530531340716,682
Sharafuddin Ashraf,-0.08806775194325019,0.14536372794536134,-0.06755323464915751,683
Mohsin Kamal,0.12000147572781172,0.04135929225560352,-0.06757335341300626,684
Akram Raza,-0.08554229061063903,0.14625122770749113,-0.06898672160144774,685
AD Russell,0.08697990466388572,0.061104472803421184,-0.06972961675690936,686
D Wiese,0.06042448503930534,0.07572774884889406,-0.07062666091236448,687
JP Behrendorff,0.10059510544748718,0.05607466332379217,-0.07091481069835717,688
E Otieno,0.03731914866652916,0.089472571027115,-0.07208809690691972,689
GJ Maxwell,0.04002073739027748,0.08878511303005338,-0.07253032115012807,690
PADLR Sandakan,0.04833645157701685,0.08466630820502614,-0.07255635599568971,691
Aizaz Khan,0.07883821395671563,0.07015181798651929,-0.07304728330991807,692
Jasdeep Singh,0.09997659525334039,0.06169266841643211,-0.0744539773620682,693
CB Sole,0.08935116446823506,0.06785226557463926,-0.07501856520583787,694
Mosaddek Hossain,-0.012966731187902852,0.1190621958282476,-0.07505255348953078,695
RR Sarwan,0.1338142567783474,0.04709730737892819,-0.0760029571787346,696
SJ Benn,-0.054119859632098755,0.1411842008605107,-0.07608284736297422,697
AP Gurusinha,0.029300450648426745,0.10014239545236389,-0.07652841385105151,698
ALF de Mel,0.10465287350223929,0.06257951056904239,-0.07660396488010802,699
NO Perry,0.0840105364032835,0.07290526495959557,-0.07660702210749154,700
WP Masakadza,-0.03932522650718128,0.13470695171634878,-0.07669622564183876,701
MW Forde,0.10028072954460467,0.06532404174089858,-0.07697627100880061,702
AD Mascarenhas,0.01738852948854541,0.10723871615513368,-0.07728865393293759,703
NAM McLean,0.0703406484829003,0.08082404524568032,-0.07732957965808697,704
Muhammad Jawadullah,0.1403891246509982,0.04602938207057304,-0.07748262959738143,705
V Sehwag,0.06707500736751752,0.08273633811983326,-0.077515894535728,706
Gulbadin Naib,0.0960272447333889,0.06865666639571028,-0.07778019250826983,707
JB Little,0.1217613454080704,0.055927226372519755,-0.0778719327177033,708
MH Yardy,-0.025433691361233014,0.13167560727074715,-0.07930584106008709,709
HK Olonga,0.08788643740301318,0.07513048540147142,-0.07938246940198534,710
Mohammad Saifuddin,0.1301914939444682,0.0540085960750714,-0.07940289536487033,711
Shafiul Islam,-0.006817329013220847,0.12296405246186343,-0.07970359197016867,712
C Karunaratne,0.002657041618097411,0.12008460292476485,-0.08094208248920903,713
MN Samuels,0.03384286650866627,0.10596308073367898,-0.08192300932534141,714
TK Curran,0.05042689816590665,0.09768380239616375,-0.08193150098607806,715
DK Liyanage,0.007452471270791186,0.11999489800403322,-0.0824807557596192,716
OF Smith,0.15267135305755963,0.047508021516070836,-0.08256246536323376,717
S Bau,-0.011376337985071578,0.1311694461605379,-0.08365418477866808,718
SR Tendulkar,0.10876551662867139,0.07224000110954655,-0.08441517294925482,719
TT Samaraweera,0.029366003581093158,0.11276566310345834,-0.08496577659600328,720
SK Raina,0.04451398050682871,0.105225008531752,-0.08498799919011091,721
Rahat Ali,0.10063183183710614,0.08002402622037083,-0.0868932947592826,722
M Amarnath,-0.03483091465545088,0.1479126413135096,-0.08699812265718943,723
M Pathirana,0.25583820681483405,0.0026734083695610818,-0.08706167451798541,724
NN Odhiambo,0.07983216882258884,0.09141633497145693,-0.08755494625516758,725
GF Labrooy,0.05653910817016879,0.1062095426012823,-0.08965273112424448,726
JDS Neesham,0.11419716976537422,0.07800728642293915,-0.09007058087041751,727
Naved-ul-Hasan,0.13660413679533168,0.06827609627657065,-0.09105210978282434,728
RS Kalpage,-0.002558256072642448,0.13988780548857338,-0.0924057849681681,729
CR Brathwaite,0.04521025006487326,0.11777267863248839,-0.09358520244328335,730
CB Mpofu,0.026327478342084917,0.12748993444114265,-0.09376911574145674,731
N Madziva,0.12365284660322004,0.07939464285150898,-0.09414737743541267,732
Umran Malik,0.21596690588095624,0.03410213560640542,-0.09472372569792235,733
CZ Harris,-0.062075721373794614,0.1732715643027865,-0.09482246907725946,734
BA Murphy,0.03639163035787564,0.12430674093039978,-0.09500170407289173,735
S Prasanna,-0.038864989210412856,0.16270575365216713,-0.09551550603130714,736
Pramod Madushan,0.1749392072269263,0.05868283592079416,-0.09743495968950487,737
GW Flower,0.006573831699408767,0.14337670215149445,-0.09777574533413257,738
CJ Anderson,0.14866140424266147,0.07346543930676736,-0.09853076095206541,739
SA Abbott,0.1255827946965418,0.08573017882441651,-0.09901438411512493,740
MV Nagamootoo,-0.01607947438332056,0.15773307769678618,-0.09979556033675059,741
AM Hardie,0.1190481430145075,0.09072993572397824,-0.10016933815415467,742
Mohammad Nadeem,0.08364733731111695,0.10848777591339055,-0.10020762971263268,743
N Pradeep,0.07004841036254215,0.11577892076935783,-0.10053541730041927,744
Shahadat Hossain,0.08400307489793471,0.11060224251882093,-0.10173585331185886,745
CJ Chibhabha,0.06815597259050662,0.11990472786114495,-0.10265514277093217,746
SC Ganguly,0.05801679604885909,0.12549902003065325,-0.10300494537005518,747
KA Pollard,0.11338496135723247,0.09816642786845643,-0.10323927236471513,748
BP Julian,0.11641122767600973,0.0981943450179733,-0.10426663923731878,749
TCB Fernando,0.1102631489022924,0.10162685517290827,-0.10450561974936966,750
Mashrafe Mortaza,0.01934684278143438,0.14824460222606198,-0.10527868241118611,751
Soumya Sarkar,0.10936962834257075,0.10483338641255176,-0.10634546705589143,752
KR Pushpakumara,0.08561054480198968,0.11904622713230553,-0.1079009996888669,753
BS Sandhu,-0.014669554024795502,0.17059396038742947,-0.10883945558335446,754
JA Morkel,0.10228874259532707,0.1122856828716626,-0.10895336944621742,755
DJ Capel,0.02158821395390928,0.15407248617308497,-0.1099110621000264,756
JE Root,0.06340832878644638,0.1354027698071894,-0.11140462280027506,757
M Mbangwa,-0.07086181174461055,0.20278002481572982,-0.11156607929561636,758
M Labuschagne,0.1331408117475422,0.10127331845607121,-0.11189581621989486,759
Mohammad Akram,0.06571550717657597,0.13556399815661957,-0.11228116782993837,760
KK Ahmed,0.13321559246163417,0.10217721545629553,-0.11252334112474176,761
PD Collingwood,0.10250937135807833,0.11936429136131795,-0.1137459846935714,762
YK Pathan,0.1241939589805119,0.11040365659705943,-0.11500042405821026,763
GS Blewett,0.03595220439919846,0.15458665812678676,-0.11504184021759066,764
SC Williams,0.032056182805068424,0.15891276123066433,-0.11662723508879903,765
MP Stoinis,0.15381297701149813,0.1010277385805016,-0.11862281805750045,766
A Ranatunga,-0.040864715921659835,0.19847414299390542,-0.11869452335538366,767
TJ Friend,0.07539161579394639,0.14388154851608845,-0.1210515709420411,768
DT Tiripano,-0.028825140458547227,0.1961626736331825,-0.12116673560260592,769
JW Dernbach,0.12364957091787089,0.12313998179246398,-0.12330984483426628,770
LJ Wright,0.057309347525742946,0.1612147279868628,-0.1265796011664895,771
Khaled Mahmud,-0.016375386688782027,0.2025683222801652,-0.1295870859571828,772
R Shepherd,0.14661071161144887,0.12273460558539702,-0.13069330759408096,773
O Thomas,0.23140810074732968,0.0840228284145511,-0.1331512525254773,774
NB Mahwire,0.1670712536754857,0.12391999070230095,-0.13830374502669587,775
NG Smith,0.2523588471896865,0.08205179061140346,-0.1388208094708311,776
E Chigumbura,0.11938604347530062,0.15140096616940577,-0.14072932527137072,777
Salman Agha,0.0348002530537512,0.19580323783772122,-0.14213557624306453,778
AK Markram,0.07354492160937849,0.17881566701902807,-0.14372541854914486,779
PKD Chase,0.18778232540913328,0.12624292595215106,-0.14675605910447845,780
Enamul Haque,0.04487695377351383,0.19883121194556877,-0.1475131258882171,781
Manjural Islam,0.07419369620177386,0.19531400474607197,-0.15494056856463925,782
Noor Ahmad,0.10824571884480343,0.17862746156663983,-0.15516688065936105,783
Rubel Hossain,0.06273757410252358,0.20172981814710852,-0.15539907013224688,784
Mohammad Ashraful,0.2198251175354523,0.13044954244381368,-0.16024140080769322,785
Mushfiqur Rahman,0.027027183715958424,0.23214634976035514,-0.1637732944122229,786
Mohammad Hasnain,0.16645542812391761,0.16259332433843135,-0.16388069226692678,787
Tapash Baisya,0.09452953417237536,0.19867133599870807,-0.16395740205659717,788
ML Nkala,-0.01108411478424377,0.2641277888235072,-0.17239048762092354,789
Anwar Ali,0.1426046790862584,0.20024297233844282,-0.18103020792104804,790
NLTC Perera,0.21488297618666832,0.1701719978719898,-0.185075657310216,791
I Udana,0.1730221629961166,0.19370609317962786,-0.1868114497851241,792
VR Aaron,0.23032316402309616,0.1713703373089375,-0.1910212795469904,793
Mohammad Sharif,0.12186911105749929,0.22825561754411683,-0.19279344871524431,794
Naimur Rahman,0.04889790689231851,0.2828825210103198,-0.2048876496376527,795
